Student_ID,Age,CGPA,Python,Java,SQL,Web_Development,Cybersecurity,Cloud_Computing,Mathematics,Statistics,Data_Analysis,Problem_Solving,Communication,Creativity,Leadership,Teamwork,Logical_Reasoning,Presentation,Internships,Projects,Certifications,Interest_Area,Career
S0001,25,5.55,4,1,1,1,3,5,2,4,2,5,4,1,3,1,4,5,1,3,3,Business,Cloud Engineer
S0002,22,9.86,5,2,3,3,2,2,4,5,2,1,3,3,2,5,4,1,1,1,4,Security,Data Scientist
S0003,23,6.55,5,4,2,4,2,5,5,3,1,2,1,3,2,1,5,2,3,0,1,Business,Data Scientist
S0004,25,6.32,1,1,5,4,1,3,4,3,2,2,3,3,2,4,1,5,3,4,0,Web,Data Analyst
S0005,21,8.72,2,1,1,4,4,3,4,1,1,3,2,3,2,3,5,5,0,1,2,Cloud,Data Scientist
S0006,26,10.0,5,2,2,1,5,3,5,3,4,1,5,4,1,2,1,4,3,1,4,Business,Cloud Engineer
S0007,23,9.05,5,2,4,3,4,5,4,3,5,5,4,2,4,5,1,1,1,1,2,Security,Cloud Engineer
S0008,23,8.31,3,5,3,5,4,2,5,1,5,1,2,5,4,1,5,5,3,1,3,Cloud,Cloud Engineer
S0009,25,8.34,5,3,3,5,2,1,2,5,2,1,4,4,2,4,5,5,0,1,3,Data,Business Analyst
S0010,20,8.57,2,4,5,2,2,1,5,5,5,2,2,2,3,4,5,1,3,0,1,Security,Web Developer
S0011,21,8.48,4,5,1,1,5,3,2,2,1,4,4,1,5,3,1,1,3,5,4,Business,Software Developer
S0012,25,8.05,4,1,4,3,2,2,2,5,4,5,5,4,2,4,5,3,0,5,3,Business,Software Developer
S0013,21,7.89,4,2,5,4,4,2,5,4,2,1,1,4,2,4,2,4,0,3,2,Programming,Data Analyst
S0014,21,7.74,4,3,5,1,1,4,4,4,3,3,3,4,3,3,3,5,0,4,0,Data,Database Administrator
S0015,26,7.12,3,5,1,1,5,4,3,2,5,2,2,4,1,4,3,1,1,3,0,Programming,Web Developer
S0016,23,7.55,5,3,4,3,1,5,5,3,5,4,3,1,2,1,2,5,1,0,4,Cloud,Business Analyst
S0017,22,6.28,4,2,1,2,4,4,4,2,2,4,3,3,3,5,3,3,3,0,4,Database,Data Scientist
S0018,26,7.71,1,5,3,2,5,5,2,1,5,2,4,4,1,5,1,3,1,1,3,Programming,Business Analyst
S0019,26,6.91,4,5,2,2,1,1,1,2,5,1,1,2,1,1,5,5,2,0,0,Data,Cybersecurity Analyst
S0020,21,6.81,5,3,3,4,5,3,3,2,3,2,4,3,2,5,5,4,0,0,1,Data,Business Analyst
S0021,24,7.96,4,2,3,4,4,2,4,4,1,4,3,1,1,4,5,2,2,1,1,Data,Data Scientist
S0022,23,9.05,3,1,5,3,5,1,3,1,2,4,5,5,2,5,2,5,0,0,1,Business,Business Analyst
S0023,20,8.63,2,5,3,2,4,1,1,1,2,3,1,1,2,5,2,3,3,0,1,Cloud,Database Administrator
S0024,26,6.39,2,1,4,3,5,5,1,2,3,3,1,5,4,4,1,4,0,0,3,Web,Database Administrator
S0025,22,6.91,5,2,3,2,5,3,1,1,3,4,3,2,5,5,2,1,1,2,2,Cloud,Data Analyst
S0026,24,8.65,2,5,4,1,2,5,5,1,1,3,4,5,5,4,5,4,3,5,1,Data,Business Analyst
S0027,24,6.92,2,5,1,5,4,1,3,5,4,3,5,4,4,3,1,4,0,3,3,Cloud,Data Analyst
S0028,20,7.6,1,1,5,5,3,2,5,1,2,3,2,3,2,3,1,5,3,2,1,Database,Database Administrator
S0029,26,8.3,5,4,4,2,5,4,1,3,5,4,4,3,3,5,5,4,3,3,1,Security,Database Administrator
S0030,22,6.93,5,1,3,3,1,5,4,1,1,1,1,4,1,3,4,1,3,1,2,Database,Data Scientist
S0031,23,7.89,2,1,5,4,2,1,1,4,2,1,4,3,4,5,5,5,2,1,1,Database,Database Administrator
S0032,19,6.6,2,4,5,2,2,4,5,5,1,5,2,1,4,3,1,3,1,5,3,Security,Cloud Engineer
S0033,22,7.26,2,2,4,2,5,4,1,4,4,3,5,4,4,5,4,1,3,3,3,Web,Business Analyst
S0034,20,8.09,3,2,4,4,3,1,1,4,2,1,5,4,4,2,5,5,1,3,0,Database,Business Analyst
S0035,24,6.37,4,5,2,2,2,3,5,3,5,5,2,3,5,1,5,5,0,5,4,Cloud,Data Scientist
S0036,23,8.2,3,3,2,1,4,1,5,5,2,2,2,5,2,3,4,2,3,4,1,Database,Database Administrator
S0037,22,7.78,5,3,5,4,5,2,4,2,1,3,3,2,4,4,4,1,1,3,1,Database,Data Analyst
S0038,19,8.3,1,5,2,1,5,4,5,1,4,1,1,5,4,1,3,4,3,3,3,Business,Business Analyst
S0039,19,8.0,4,3,3,5,3,2,4,3,1,1,3,1,4,5,4,1,2,1,1,Database,Data Scientist
S0040,21,9.03,1,1,1,4,4,5,2,3,1,1,4,4,3,1,2,1,0,1,3,Cloud,Cloud Engineer
S0041,21,7.91,5,1,5,4,4,4,2,2,3,5,2,4,3,4,4,2,2,0,0,Security,Data Scientist
S0042,25,7.41,5,4,1,3,3,3,5,3,1,2,3,1,1,4,1,4,3,0,1,Data,Data Analyst
S0043,20,7.91,1,4,2,3,1,1,1,2,4,3,1,2,2,5,4,2,1,1,0,Programming,Database Administrator
S0044,26,8.29,1,5,4,4,4,5,3,2,5,1,1,4,4,3,5,2,3,0,0,Data,Cybersecurity Analyst
S0045,22,7.84,1,5,5,5,1,2,1,2,3,4,2,5,1,3,2,2,3,2,4,Web,Data Scientist
S0046,22,7.84,5,5,2,2,1,5,5,3,1,3,3,1,1,2,4,1,3,2,3,Programming,Data Scientist
S0047,26,7.17,2,1,3,3,5,3,4,2,2,4,5,4,2,4,2,2,2,5,0,Data,Data Scientist
S0048,25,7.2,1,3,5,5,5,1,1,3,3,5,2,5,3,2,3,3,2,0,3,Cloud,Cybersecurity Analyst
S0049,24,6.54,4,5,5,5,2,5,2,5,4,1,4,1,2,4,2,4,1,0,4,Business,Data Scientist
S0050,24,9.37,5,5,4,3,5,2,5,2,2,3,3,1,1,2,5,4,0,3,3,Database,Database Administrator
S0051,25,6.68,3,1,5,2,4,5,1,3,4,3,3,1,2,3,3,2,0,3,4,Cloud,Database Administrator
S0052,24,7.18,3,1,4,3,4,1,1,3,2,1,2,2,3,4,4,1,1,2,1,Security,Software Developer
S0053,21,7.15,4,1,2,5,1,5,4,3,5,2,3,1,1,3,2,5,3,5,4,Cloud,Business Analyst
S0054,22,8.61,2,3,3,1,4,2,4,1,4,5,3,3,2,1,3,5,0,2,4,Cloud,Cybersecurity Analyst
S0055,25,7.53,1,5,3,3,5,1,4,1,2,1,4,3,4,3,4,1,2,3,4,Web,Data Scientist
S0056,22,8.92,5,2,5,5,5,3,3,2,4,3,4,1,4,4,4,2,1,3,2,Database,Database Administrator
S0057,26,7.19,1,2,5,3,5,3,5,5,3,2,5,4,2,1,2,2,1,5,0,Business,Data Analyst
S0058,19,8.05,5,5,2,5,3,4,5,2,4,3,4,3,2,2,2,3,3,3,3,Programming,Data Scientist
S0059,21,7.05,3,5,4,2,4,5,2,4,4,4,5,5,3,5,3,5,0,0,3,Data,Software Developer
S0060,23,9.73,1,5,3,5,2,2,2,4,2,3,4,5,1,4,2,5,0,1,2,Data,Database Administrator
S0061,21,6.73,4,5,4,4,4,5,5,5,4,5,5,4,2,5,4,4,3,2,1,Web,Cloud Engineer
S0062,25,8.08,2,3,2,1,4,1,1,5,5,1,4,5,1,5,5,2,1,4,0,Programming,Software Developer
S0063,23,8.37,4,2,3,5,3,4,5,5,1,3,4,4,4,1,3,1,1,5,0,Database,Data Scientist
S0064,19,8.17,2,4,3,3,4,2,3,1,3,4,2,5,1,2,5,2,1,3,0,Cloud,Data Analyst
S0065,25,7.63,1,2,1,3,1,5,2,1,2,4,4,1,5,3,5,2,1,0,0,Business,Software Developer
S0066,20,7.68,1,2,2,5,5,2,2,4,4,1,5,5,3,1,4,3,2,2,2,Database,Database Administrator
S0067,22,7.84,2,1,2,4,5,1,2,5,4,4,2,1,3,2,5,1,2,3,3,Web,Business Analyst
S0068,19,7.67,3,5,1,5,3,4,5,3,4,1,5,5,1,3,1,3,1,0,1,Cloud,Business Analyst
S0069,22,8.67,5,5,4,2,5,2,2,4,3,5,4,5,3,3,3,3,1,2,1,Data,Data Analyst
S0070,24,9.79,4,5,1,4,1,1,2,5,1,1,4,5,1,2,4,3,1,2,1,Web,Web Developer
S0071,20,7.3,4,1,2,5,3,3,5,3,5,2,5,1,1,3,2,3,2,4,2,Business,Data Analyst
S0072,20,6.57,4,3,4,1,2,2,1,5,5,4,3,5,4,4,4,2,3,4,2,Web,Data Scientist
S0073,19,7.72,1,3,3,4,5,4,2,2,2,4,2,5,1,4,2,4,0,2,4,Web,Business Analyst
S0074,20,10.0,4,4,1,5,4,2,2,3,1,3,2,2,3,1,4,2,2,0,2,Database,Software Developer
S0075,23,7.08,5,3,4,1,1,2,2,2,1,2,4,1,5,3,1,3,1,3,0,Data,Data Scientist
S0076,20,9.28,5,3,4,5,1,1,3,1,3,3,2,3,2,3,3,3,1,5,3,Business,Web Developer
S0077,22,9.31,2,5,4,2,5,5,5,4,4,1,5,4,3,2,5,4,1,3,1,Data,Business Analyst
S0078,22,7.3,1,2,1,3,2,5,2,5,1,5,4,2,5,4,4,5,1,2,2,Security,Data Scientist
S0079,25,8.31,5,3,3,5,4,2,3,4,4,4,2,5,3,5,3,1,3,3,3,Business,Data Analyst
S0080,22,9.27,3,3,4,4,2,4,1,5,3,5,1,3,5,1,3,3,2,4,0,Data,Data Scientist
S0081,25,7.46,1,1,1,5,2,4,1,2,2,1,2,3,3,4,3,3,0,3,2,Business,Business Analyst
S0082,22,7.62,1,4,2,5,5,1,3,3,2,1,5,5,2,2,3,2,1,1,2,Data,Cloud Engineer
S0083,23,7.28,5,1,1,5,4,2,1,3,4,2,2,5,4,1,3,3,3,4,3,Cloud,Data Scientist
S0084,26,6.89,3,5,1,5,5,2,4,5,4,3,3,2,4,5,5,3,3,4,0,Data,Software Developer
S0085,25,7.22,2,2,1,4,5,5,1,2,1,4,3,1,2,1,5,1,1,2,2,Business,Business Analyst
S0086,21,6.7,5,4,4,4,1,1,4,5,3,4,4,2,3,4,4,2,1,2,3,Programming,Data Analyst
S0087,24,7.83,3,1,1,5,5,3,3,5,2,5,3,1,5,5,2,5,0,3,0,Cloud,Data Scientist
S0088,19,7.11,1,3,2,3,3,4,4,5,1,2,5,3,1,2,4,3,2,3,2,Business,Cloud Engineer
S0089,22,8.01,3,3,4,5,4,4,1,3,5,1,1,4,3,1,3,3,0,2,2,Business,Data Analyst
S0090,20,6.4,1,4,2,4,1,2,2,5,1,2,1,5,2,4,2,5,2,0,1,Business,Data Scientist
S0091,26,8.1,5,3,5,2,4,1,4,3,4,4,4,2,4,2,4,4,3,3,4,Security,Business Analyst
S0092,22,8.55,5,1,1,5,1,3,1,1,5,3,4,3,4,5,2,5,3,0,0,Programming,Data Scientist
S0093,20,6.01,4,1,4,5,3,4,2,2,1,5,3,2,3,1,5,5,1,4,3,Security,Cybersecurity Analyst
S0094,24,8.14,4,3,4,5,5,1,3,1,3,1,5,1,5,3,3,2,0,5,1,Web,Data Scientist
S0095,24,8.9,4,3,1,5,1,3,3,5,2,1,3,5,2,4,2,5,0,5,2,Database,Database Administrator
S0096,24,6.71,5,5,3,1,1,2,5,3,5,1,5,1,2,4,1,2,1,1,3,Web,Data Analyst
S0097,20,9.31,2,2,3,5,1,5,3,2,3,3,5,1,5,3,3,5,0,0,1,Web,Data Analyst
S0098,22,8.18,5,4,2,4,3,4,5,4,1,4,1,1,5,2,5,3,3,3,1,Database,Software Developer
S0099,24,7.17,3,1,1,4,4,4,3,2,4,4,5,3,3,4,5,3,3,5,4,Data,Data Scientist
S0100,23,7.75,5,4,1,1,3,3,3,2,4,2,2,5,3,2,4,4,1,2,1,Database,Web Developer
S0101,25,8.3,5,5,5,5,1,5,3,5,3,2,5,4,4,5,1,5,1,2,0,Data,Data Scientist
S0102,20,7.87,1,1,3,3,1,1,5,1,4,4,1,2,4,3,2,1,2,1,4,Cloud,Data Scientist
S0103,20,8.28,1,5,3,5,5,2,5,1,2,1,3,1,5,2,4,5,3,1,4,Programming,Database Administrator
S0104,22,6.97,1,5,1,4,3,1,4,4,3,3,5,5,1,5,5,1,3,4,2,Database,Data Scientist
S0105,20,7.95,5,3,2,2,3,3,1,5,3,4,2,2,1,1,2,5,3,0,2,Programming,Data Scientist
S0106,20,6.53,2,4,1,2,2,4,1,2,4,3,4,5,1,4,5,2,3,1,0,Business,Data Scientist
S0107,24,7.7,3,4,2,3,4,4,1,1,3,5,3,2,2,3,5,3,3,4,3,Web,Cloud Engineer
S0108,22,6.99,3,3,3,5,2,1,3,1,1,1,4,5,3,1,1,1,2,4,0,Web,Database Administrator
S0109,24,7.14,2,4,5,1,2,2,1,3,5,5,2,4,5,1,3,1,1,4,4,Business,Database Administrator
S0110,25,8.91,2,3,4,5,4,3,5,2,5,4,1,5,4,1,2,5,1,5,2,Data,Web Developer
S0111,26,8.78,3,1,3,3,5,2,4,5,4,2,1,5,1,2,1,3,0,5,0,Security,Database Administrator
S0112,25,8.35,4,5,2,3,5,3,2,1,2,4,3,1,4,4,5,4,3,3,2,Business,Cloud Engineer
S0113,26,6.82,1,5,1,3,4,2,4,5,2,5,5,1,3,3,5,1,3,1,0,Database,Database Administrator
S0114,24,7.52,1,4,3,2,4,1,1,2,4,3,5,1,5,4,1,3,1,5,0,Programming,Business Analyst
S0115,25,8.89,3,2,5,5,3,5,1,2,4,4,4,5,1,4,2,3,3,2,1,Programming,Software Developer
S0116,22,7.93,2,5,2,5,3,3,5,1,3,2,1,4,1,4,5,1,3,4,0,Security,Web Developer
S0117,19,9.89,4,3,1,1,3,1,4,4,2,5,5,2,5,5,2,2,3,2,2,Programming,Data Analyst
S0118,24,8.15,3,2,4,3,3,4,5,5,5,4,5,1,4,5,1,2,1,3,0,Programming,Software Developer
S0119,26,7.97,1,2,2,3,1,4,5,5,4,5,1,3,3,5,5,5,0,0,3,Database,Cybersecurity Analyst
S0120,23,7.52,5,5,1,4,1,2,2,3,5,5,1,5,3,5,4,5,1,3,1,Data,Data Analyst
S0121,26,7.92,2,5,4,4,5,4,5,2,5,1,2,4,3,4,4,3,3,3,0,Programming,Software Developer
S0122,23,7.66,5,5,1,2,1,5,5,2,2,3,4,4,4,4,5,1,1,1,3,Web,Data Scientist
S0123,20,8.44,3,3,4,5,1,3,2,1,5,1,1,1,4,3,3,2,2,4,2,Web,Data Analyst
S0124,25,8.66,1,2,4,1,3,2,3,1,3,5,2,1,1,3,5,3,3,3,3,Cloud,Database Administrator
S0125,23,7.09,4,4,4,1,3,3,3,1,3,2,1,3,4,3,5,2,1,4,1,Data,Database Administrator
S0126,26,6.6,5,3,1,3,4,3,2,3,2,2,3,3,2,3,5,1,1,2,2,Data,Database Administrator
S0127,20,6.15,4,1,4,1,3,1,5,4,3,1,3,1,5,3,1,2,0,0,0,Web,Business Analyst
S0128,19,8.26,1,5,2,3,4,4,1,1,4,2,3,2,4,5,5,4,3,0,0,Data,Business Analyst
S0129,22,6.81,5,2,5,5,4,3,4,1,2,5,1,1,3,4,5,5,2,2,3,Database,Cloud Engineer
S0130,22,5.86,4,3,5,1,1,5,1,1,5,4,5,1,4,3,1,2,2,1,0,Data,Software Developer
S0131,22,8.15,4,1,4,3,3,5,1,3,4,5,5,4,1,2,5,1,3,2,2,Cloud,Data Scientist
S0132,23,10.0,5,3,5,5,1,4,5,5,2,4,3,1,5,3,4,1,1,5,2,Security,Web Developer
S0133,19,7.79,1,3,5,5,3,4,4,4,5,2,4,1,5,3,4,4,2,2,0,Business,Cloud Engineer
S0134,23,8.55,4,4,4,3,1,2,4,5,5,3,2,1,3,4,5,1,3,5,3,Programming,Data Analyst
S0135,25,7.87,3,4,4,3,1,2,3,2,5,3,3,2,5,5,1,4,2,1,0,Cloud,Data Analyst
S0136,23,7.71,5,3,2,2,1,2,2,2,5,5,2,4,2,1,5,3,3,1,4,Database,Software Developer
S0137,19,8.63,2,1,3,5,5,4,5,1,5,5,2,5,5,4,5,2,2,3,0,Security,Data Scientist
S0138,19,7.54,2,2,1,3,1,3,4,5,2,2,3,5,3,5,2,1,0,4,1,Programming,Business Analyst
S0139,25,8.04,1,2,4,5,2,1,5,3,3,3,5,5,5,2,3,5,3,0,0,Web,Business Analyst
S0140,19,8.09,3,5,4,1,2,2,3,4,5,3,4,5,4,1,1,2,0,1,4,Security,Data Analyst
S0141,26,7.2,4,5,5,4,2,1,1,5,4,5,3,4,1,5,3,4,3,5,1,Programming,Software Developer
S0142,19,8.69,2,2,2,4,4,5,4,5,2,3,2,1,4,5,2,2,2,1,3,Cloud,Data Scientist
S0143,22,7.64,1,3,5,3,1,4,3,4,1,5,1,5,2,4,3,2,2,3,1,Programming,Data Analyst
S0144,26,7.12,3,3,4,3,2,5,5,5,3,1,1,1,2,5,5,1,1,3,2,Data,Data Analyst
S0145,26,8.28,3,4,4,5,4,2,3,5,4,3,2,5,1,3,4,5,2,4,4,Business,Cloud Engineer
S0146,25,6.99,1,4,5,3,2,3,3,4,5,4,3,2,1,5,1,3,0,1,2,Programming,Cybersecurity Analyst
S0147,21,7.83,1,5,4,5,3,2,3,3,2,2,5,1,1,1,1,5,1,1,2,Web,Data Analyst
S0148,21,7.79,4,2,3,3,5,1,3,4,2,5,3,4,1,5,5,4,0,3,1,Cloud,Cloud Engineer
S0149,19,8.78,1,3,1,5,1,2,3,1,5,3,4,2,5,2,3,5,0,2,1,Database,Data Scientist
S0150,26,8.23,4,2,1,3,5,3,3,1,4,3,1,2,4,3,1,5,0,4,2,Security,Business Analyst
S0151,21,7.78,4,1,1,2,5,3,2,1,2,5,2,4,2,1,2,4,0,1,3,Programming,Cloud Engineer
S0152,21,8.54,5,2,3,5,3,4,5,1,3,4,5,2,5,1,2,5,0,0,0,Cloud,Cloud Engineer
S0153,19,9.05,3,1,4,2,3,4,1,2,4,3,3,1,1,4,3,3,3,0,0,Web,Cybersecurity Analyst
S0154,21,8.3,3,4,5,2,3,3,5,3,5,1,4,3,3,4,2,2,3,5,4,Database,Data Analyst
S0155,23,7.81,3,4,2,2,4,3,4,2,4,2,3,3,3,3,4,3,1,3,1,Business,Business Analyst
S0156,20,6.62,5,5,4,2,2,1,4,5,4,5,4,5,4,1,5,2,0,5,0,Security,Web Developer
S0157,25,6.84,4,2,3,1,1,2,5,5,1,3,3,5,2,2,1,2,3,0,3,Database,Data Scientist
S0158,20,7.53,4,2,3,4,3,4,3,4,5,2,5,1,2,5,5,5,2,3,4,Programming,Data Scientist
S0159,19,7.25,1,1,1,1,1,1,2,1,3,5,5,4,4,5,3,2,1,2,1,Web,Data Scientist
S0160,22,7.63,5,4,4,3,1,2,1,4,5,5,2,1,1,5,5,4,3,3,0,Data,Data Scientist
S0161,25,7.85,1,1,1,3,1,4,3,5,1,5,5,5,1,4,1,3,2,1,2,Cloud,Business Analyst
S0162,19,8.28,5,4,2,4,3,1,5,1,5,4,4,2,2,1,1,2,1,0,3,Cloud,Data Scientist
S0163,26,7.74,1,1,1,4,3,5,5,3,5,1,2,1,2,1,3,5,2,1,3,Programming,Data Scientist
S0164,22,8.24,2,4,2,4,2,5,2,5,3,5,5,1,2,2,1,5,0,0,1,Web,Data Analyst
S0165,20,7.86,3,1,3,2,3,4,2,4,1,4,1,4,1,4,2,5,2,0,3,Security,Data Analyst
S0166,19,6.02,3,4,1,1,3,1,5,4,5,5,4,5,3,2,5,1,0,3,1,Security,Data Scientist
S0167,26,6.95,4,1,1,3,1,2,3,5,5,5,2,1,4,1,4,3,1,4,3,Security,Business Analyst
S0168,25,7.67,2,2,5,1,2,2,3,2,2,4,4,2,4,5,4,5,0,0,0,Security,Cloud Engineer
S0169,25,6.71,3,5,3,1,5,1,3,3,5,1,2,2,5,4,4,4,2,0,1,Programming,Cybersecurity Analyst
S0170,24,8.34,4,1,5,1,3,5,1,5,3,2,4,3,5,4,3,5,0,5,3,Programming,Database Administrator
S0171,26,9.18,2,5,2,4,3,1,1,5,2,3,1,5,3,4,4,1,0,4,0,Database,Business Analyst
S0172,23,8.9,3,2,2,4,5,5,3,4,1,5,5,2,2,5,5,3,1,1,0,Cloud,Software Developer
S0173,21,7.61,1,2,3,3,1,5,5,1,4,1,3,4,3,4,1,2,0,0,0,Database,Data Analyst
S0174,22,9.14,5,4,2,3,2,2,2,1,3,3,3,5,5,3,2,3,3,3,1,Web,Data Analyst
S0175,26,7.93,2,5,3,3,1,4,4,1,1,5,3,2,5,4,4,2,1,4,1,Data,Data Scientist
S0176,24,7.5,4,3,2,1,4,3,2,4,2,3,2,1,4,5,4,2,2,4,3,Programming,Cloud Engineer
S0177,21,7.25,2,4,4,4,3,1,2,1,4,4,5,5,3,4,4,5,1,5,2,Database,Business Analyst
S0178,21,7.53,4,5,1,2,4,5,4,5,1,1,2,2,1,3,2,4,2,0,2,Security,Software Developer
S0179,19,7.45,2,1,4,1,3,1,3,2,3,1,2,1,5,3,5,4,2,1,4,Data,Cybersecurity Analyst
S0180,21,7.95,4,1,3,5,4,4,2,2,2,2,2,3,4,4,4,5,0,1,2,Database,Data Analyst
S0181,23,7.94,3,2,3,1,5,4,4,2,3,2,2,5,2,1,1,1,1,2,2,Cloud,Data Scientist
S0182,25,7.8,1,3,4,4,3,3,5,1,3,3,5,5,3,1,3,2,2,2,3,Security,Data Analyst
S0183,24,8.19,3,1,1,5,3,3,5,2,2,4,3,2,5,2,2,4,3,3,1,Business,Business Analyst
S0184,21,8.87,1,5,1,1,4,5,5,1,5,3,4,3,1,3,5,3,0,5,2,Web,Data Scientist
S0185,19,8.65,3,5,5,4,2,3,3,5,3,5,2,4,5,1,1,1,0,0,4,Data,Business Analyst
S0186,23,6.46,3,1,2,4,4,5,2,5,2,1,5,2,1,2,2,5,2,1,3,Cloud,Cloud Engineer
S0187,20,5.5,2,5,5,2,3,2,2,4,3,3,1,2,3,1,2,1,3,2,0,Database,Cloud Engineer
S0188,25,8.64,5,5,1,1,3,5,1,4,5,3,4,4,1,4,3,4,0,0,0,Programming,Business Analyst
S0189,25,6.57,4,2,4,4,2,3,5,3,2,1,2,4,1,3,3,5,1,5,4,Web,Software Developer
S0190,24,7.6,4,3,2,3,1,1,3,5,1,1,2,4,4,1,5,4,2,0,1,Security,Business Analyst
S0191,25,6.75,4,2,4,4,2,3,4,1,1,2,4,4,3,4,4,2,3,1,0,Data,Data Analyst
S0192,21,6.18,1,3,5,2,1,4,3,3,1,2,4,4,5,2,3,1,2,0,1,Cloud,Database Administrator
S0193,19,8.29,4,5,3,4,3,3,2,5,4,1,2,1,2,4,5,2,0,4,2,Data,Business Analyst
S0194,25,8.48,4,3,4,1,5,2,5,1,3,3,5,1,3,2,2,3,3,2,2,Web,Database Administrator
S0195,25,7.28,2,5,5,1,5,5,1,5,3,5,1,4,3,1,4,2,2,3,2,Database,Database Administrator
S0196,20,5.47,3,5,5,5,4,4,3,5,2,3,5,3,2,5,1,1,2,2,0,Programming,Data Scientist
S0197,20,7.31,4,2,5,1,2,5,1,1,4,5,3,3,5,4,2,3,2,0,0,Programming,Database Administrator
S0198,22,8.15,5,2,3,5,2,5,2,5,3,1,3,4,4,5,5,4,1,4,1,Database,Data Scientist
S0199,23,6.47,4,4,3,3,5,3,4,5,2,5,3,1,5,3,1,3,1,2,1,Business,Cybersecurity Analyst
S0200,21,7.97,1,1,3,2,1,1,3,5,5,2,2,3,2,5,2,1,1,1,4,Web,Cloud Engineer
S0201,25,7.79,1,4,2,3,2,4,2,4,3,1,1,1,5,3,3,5,1,4,2,Security,Data Analyst
S0202,26,8.32,1,4,3,5,1,2,5,2,3,4,1,2,3,1,5,3,0,5,3,Data,Data Analyst
S0203,25,7.91,4,3,3,4,1,2,3,5,5,5,2,1,4,1,1,4,2,2,3,Security,Business Analyst
S0204,19,6.92,2,5,3,4,1,1,1,1,5,5,2,4,1,4,3,3,1,0,2,Cloud,Software Developer
S0205,22,8.88,5,5,4,3,1,1,3,5,3,4,2,5,5,5,1,2,0,1,4,Security,Data Scientist
S0206,23,7.66,4,5,3,4,4,3,2,4,5,4,1,4,1,3,4,5,1,0,1,Business,Cybersecurity Analyst
S0207,26,7.78,2,1,2,5,4,2,2,4,2,1,2,2,4,3,4,1,0,5,0,Web,Business Analyst
S0208,22,6.96,2,3,5,2,5,4,1,5,3,3,4,1,1,5,5,5,3,0,4,Business,Business Analyst
S0209,24,7.4,4,3,4,1,4,1,2,3,3,4,4,3,5,1,1,2,1,5,4,Programming,Data Scientist
S0210,23,7.0,4,5,1,5,2,1,3,2,1,5,4,4,2,1,4,5,1,1,2,Business,Web Developer
S0211,25,7.64,2,4,3,5,4,1,1,1,3,4,2,3,3,3,2,2,2,4,1,Web,Cloud Engineer
S0212,25,9.34,2,1,5,1,2,4,2,1,1,1,4,1,3,4,2,3,1,2,3,Web,Cloud Engineer
S0213,23,6.57,2,4,5,1,2,2,2,1,5,1,2,2,1,1,4,1,1,4,3,Data,Web Developer
S0214,25,6.35,4,2,4,2,1,4,3,1,5,5,4,4,3,2,4,2,0,5,3,Web,Software Developer
S0215,21,9.12,2,3,1,2,5,4,2,4,2,5,2,3,3,3,5,2,2,1,4,Cloud,Business Analyst
S0216,23,7.61,1,3,2,2,1,3,3,2,1,5,5,4,2,5,5,3,2,5,0,Data,Cloud Engineer
S0217,22,7.2,4,4,5,4,1,1,5,5,3,3,3,4,1,5,2,2,3,2,1,Data,Data Scientist
S0218,23,8.74,1,1,5,5,4,2,3,5,1,5,5,3,2,3,3,1,0,1,0,Security,Data Scientist
S0219,26,7.25,3,3,5,1,4,3,4,3,5,1,3,2,2,3,1,4,1,3,3,Business,Cloud Engineer
S0220,25,9.44,4,4,5,5,2,3,2,5,5,1,3,4,4,1,3,5,0,3,0,Web,Data Scientist
S0221,21,8.41,3,1,4,5,4,5,5,2,2,4,4,2,1,3,5,2,1,4,4,Security,Data Analyst
S0222,21,7.36,2,4,1,2,4,1,1,5,5,5,3,2,2,3,3,5,3,1,2,Security,Business Analyst
S0223,24,9.74,2,1,5,2,3,2,4,4,1,3,3,1,5,2,5,5,1,2,0,Business,Database Administrator
S0224,22,7.25,5,5,2,5,2,2,1,5,3,2,5,3,3,5,3,4,2,4,0,Data,Software Developer
S0225,20,8.47,2,1,2,2,2,2,4,1,3,4,3,1,1,1,2,2,3,3,0,Security,Data Scientist
S0226,20,8.07,3,2,3,4,3,1,5,1,1,3,2,5,4,4,5,1,1,3,3,Security,Data Scientist
S0227,23,8.97,2,5,5,1,2,2,5,1,2,5,2,1,2,1,2,2,3,3,0,Data,Data Scientist
S0228,24,9.21,4,4,5,5,5,4,5,1,3,3,4,4,5,5,3,5,2,4,1,Data,Data Scientist
S0229,19,7.83,2,5,5,1,5,4,4,4,1,2,5,4,3,4,4,3,2,2,4,Programming,Cloud Engineer
S0230,23,7.12,5,5,5,4,3,1,3,4,1,3,1,4,3,3,4,4,0,3,1,Web,Data Analyst
S0231,24,8.21,2,4,5,2,4,2,1,4,5,2,5,5,5,2,1,1,1,4,1,Programming,Data Analyst
S0232,22,7.19,3,4,2,3,5,5,3,5,5,2,1,2,1,2,4,1,3,4,3,Business,Cybersecurity Analyst
S0233,22,9.61,3,2,1,4,3,5,3,1,2,2,3,4,3,5,1,5,0,0,0,Database,Database Administrator
S0234,22,7.92,2,4,1,3,5,5,2,3,2,3,1,1,3,5,3,1,3,0,4,Data,Database Administrator
S0235,22,7.47,3,3,3,1,1,4,1,3,2,5,3,2,3,2,1,5,0,5,4,Cloud,Business Analyst
S0236,22,7.97,3,3,2,5,3,5,4,1,1,1,5,1,2,4,1,1,0,2,4,Security,Data Analyst
S0237,24,6.59,5,2,5,2,2,2,2,2,1,1,5,1,2,4,1,1,0,3,0,Security,Data Analyst
S0238,24,6.93,4,1,1,4,5,2,2,5,5,3,4,4,3,1,2,5,2,0,4,Data,Cloud Engineer
S0239,21,8.88,5,1,4,2,2,5,5,3,3,5,4,1,4,3,1,4,2,2,4,Security,Data Scientist
S0240,26,7.21,1,3,4,3,3,3,4,4,2,1,3,5,3,4,5,1,2,0,2,Programming,Data Scientist
S0241,20,6.86,5,4,4,3,5,5,3,2,4,2,3,2,1,3,3,2,2,3,2,Security,Database Administrator
S0242,25,8.28,2,2,5,5,2,3,3,4,2,3,2,4,4,5,2,3,3,4,4,Cloud,Software Developer
S0243,22,8.87,4,1,5,3,4,1,3,2,5,3,2,4,1,4,5,5,1,3,1,Web,Business Analyst
S0244,19,8.45,2,1,3,5,4,1,5,2,1,4,2,1,5,4,3,1,2,0,0,Business,Software Developer
S0245,25,8.7,1,5,3,4,1,2,3,5,5,4,5,1,5,4,2,4,1,3,1,Business,Data Scientist
S0246,24,7.12,4,3,3,5,3,4,1,4,5,4,1,3,2,1,3,2,0,4,1,Business,Data Scientist
S0247,19,6.52,3,4,4,3,2,2,3,4,5,5,3,3,2,5,4,5,1,1,0,Database,Data Scientist
S0248,19,9.15,5,2,5,1,1,2,3,3,4,3,4,4,2,2,3,2,2,4,0,Programming,Database Administrator
S0249,19,7.51,2,1,4,5,3,4,1,1,4,4,3,4,5,1,4,3,3,0,3,Web,Cybersecurity Analyst
S0250,21,7.57,1,5,3,2,4,2,5,1,2,3,1,1,1,1,4,4,2,4,3,Web,Business Analyst
S0251,24,9.0,3,3,5,1,2,4,2,3,1,2,3,5,4,4,3,5,3,5,3,Cloud,Business Analyst
S0252,19,8.3,5,3,2,5,5,2,4,2,5,4,4,5,2,1,4,5,2,2,4,Business,Business Analyst
S0253,22,8.21,3,2,1,2,4,1,5,3,3,3,4,1,5,2,2,1,0,3,4,Cloud,Business Analyst
S0254,23,9.75,5,1,1,1,5,3,3,3,2,5,1,3,2,1,4,2,3,5,4,Cloud,Data Scientist
S0255,19,7.22,4,2,3,5,5,2,2,4,2,5,4,3,3,1,1,5,0,1,3,Cloud,Business Analyst
S0256,21,8.64,3,2,4,4,2,3,4,3,5,5,5,5,4,4,2,2,2,1,0,Business,Business Analyst
S0257,25,7.85,3,5,2,2,2,5,4,2,2,4,4,4,1,5,2,3,0,3,4,Programming,Cloud Engineer
S0258,24,8.04,3,3,5,4,5,2,4,1,5,5,1,1,2,2,2,1,1,3,0,Database,Software Developer
S0259,26,9.18,4,4,4,3,1,1,1,5,2,1,1,4,3,4,1,3,1,2,3,Cloud,Data Analyst
S0260,21,8.26,1,3,3,5,5,4,1,3,1,2,3,3,3,1,1,1,3,4,0,Programming,Cloud Engineer
S0261,19,8.28,5,3,4,5,5,1,2,3,2,3,4,5,4,2,1,1,1,1,4,Security,Data Analyst
S0262,24,8.77,3,5,3,2,2,3,3,4,2,1,4,4,5,3,1,2,1,0,0,Web,Data Scientist
S0263,23,7.47,4,4,1,5,3,4,2,4,3,4,1,3,5,1,1,1,2,3,3,Business,Data Scientist
S0264,19,7.04,1,1,1,3,4,1,3,3,1,3,3,3,2,5,5,3,2,3,4,Security,Data Scientist
S0265,21,6.86,5,4,4,5,2,1,5,3,1,3,3,3,2,1,5,3,1,5,4,Database,Cybersecurity Analyst
S0266,20,6.03,4,1,2,1,1,1,4,2,1,5,5,4,5,5,1,3,3,5,3,Security,Cloud Engineer
S0267,22,9.65,5,4,5,4,4,4,4,1,2,3,5,2,1,3,2,2,1,5,1,Data,Data Analyst
S0268,26,6.81,3,2,3,3,2,1,1,1,4,3,1,5,1,4,4,2,2,1,2,Business,Web Developer
S0269,25,7.6,1,4,5,3,2,1,5,5,2,2,3,3,3,4,4,4,0,5,3,Security,Data Scientist
S0270,21,7.55,4,5,1,4,3,3,5,1,5,4,3,4,4,4,5,5,3,3,0,Security,Cybersecurity Analyst
S0271,24,8.08,1,1,2,4,1,1,3,5,3,1,5,1,1,2,1,4,3,1,1,Data,Cloud Engineer
S0272,26,8.53,3,3,2,3,1,1,5,4,1,5,5,5,2,5,3,4,1,0,3,Business,Software Developer
S0273,26,8.57,1,5,5,4,2,5,1,5,5,2,1,1,1,1,4,1,0,0,2,Database,Data Analyst
S0274,26,7.28,1,1,1,2,3,4,3,5,5,1,3,1,4,2,4,1,3,1,4,Security,Data Scientist
S0275,19,7.65,2,1,5,4,2,5,2,1,4,1,1,4,2,2,2,4,3,3,2,Data,Business Analyst
S0276,22,8.05,1,3,4,1,5,3,3,3,1,2,5,2,4,1,4,5,2,2,2,Database,Business Analyst
S0277,19,7.58,5,2,2,1,5,5,2,4,2,5,4,4,5,3,5,4,1,2,3,Programming,Web Developer
S0278,24,9.25,4,5,2,2,3,2,3,2,1,4,5,4,4,4,1,2,1,4,4,Web,Data Scientist
S0279,19,8.24,2,3,4,4,2,4,4,5,3,2,3,5,4,3,1,3,3,2,4,Cloud,Data Scientist
S0280,20,8.46,4,3,1,1,3,1,2,5,1,2,1,4,4,3,4,4,0,5,2,Security,Database Administrator
S0281,22,8.4,4,2,2,5,2,5,1,5,5,2,3,5,2,4,3,1,0,3,3,Database,Database Administrator
S0282,22,8.86,3,5,3,4,2,5,2,3,5,5,5,3,4,3,5,5,0,2,4,Programming,Business Analyst
S0283,24,7.96,3,3,3,2,5,1,2,2,2,2,5,5,4,2,4,1,0,4,4,Web,Web Developer
S0284,25,6.63,2,2,1,4,4,1,3,1,2,2,2,4,3,1,5,2,1,0,0,Database,Cybersecurity Analyst
S0285,20,8.16,3,5,4,3,1,3,4,4,2,3,5,3,2,2,3,1,2,1,2,Database,Cybersecurity Analyst
S0286,21,7.21,3,4,5,3,1,5,3,3,3,3,3,3,4,2,5,1,0,2,1,Database,Data Scientist
S0287,19,7.32,3,1,1,1,3,5,3,2,1,3,1,2,1,5,5,5,0,1,2,Programming,Cybersecurity Analyst
S0288,23,8.33,4,2,5,3,1,2,4,4,4,3,1,4,4,4,5,5,2,1,3,Data,Data Analyst
S0289,19,8.91,2,1,1,2,5,2,3,1,1,2,2,1,1,4,1,1,1,5,4,Database,Data Analyst
S0290,26,7.82,4,4,3,1,4,5,4,4,2,3,3,4,5,2,3,1,2,5,4,Programming,Software Developer
S0291,19,8.08,5,3,4,2,2,2,1,5,3,1,5,1,5,4,1,4,2,0,0,Database,Business Analyst
S0292,21,9.33,4,3,3,2,2,5,4,5,1,4,4,2,2,5,2,2,0,4,4,Security,Software Developer
S0293,19,8.02,5,5,4,3,5,4,5,3,5,3,1,4,2,1,4,4,2,3,4,Security,Business Analyst
S0294,20,10.0,1,2,5,3,1,3,4,4,1,5,3,2,5,3,1,5,2,3,1,Business,Data Scientist
S0295,20,8.31,1,2,1,2,2,2,4,5,5,4,2,1,2,4,5,4,1,3,2,Cloud,Data Analyst
S0296,22,6.22,5,5,2,3,1,5,5,3,1,1,4,5,1,2,2,4,0,4,4,Cloud,Cloud Engineer
S0297,24,8.48,5,1,2,3,5,2,4,3,1,4,3,4,1,4,3,1,0,5,3,Security,Web Developer
S0298,25,8.14,4,3,4,3,2,3,2,3,1,4,5,3,3,2,3,1,3,4,1,Programming,Data Scientist
S0299,23,8.96,5,3,4,4,3,4,3,1,2,1,1,3,2,3,1,2,0,4,1,Database,Data Scientist
S0300,26,8.41,2,2,3,2,4,1,3,5,5,3,5,2,2,4,5,3,1,2,0,Database,Data Analyst
S0301,19,7.68,1,2,2,5,1,1,1,5,3,1,2,5,3,3,5,3,1,1,3,Business,Business Analyst
S0302,19,6.7,1,5,3,2,1,2,1,2,4,5,1,3,4,2,3,4,1,4,1,Business,Cloud Engineer
S0303,21,7.61,5,4,5,1,1,5,5,1,5,1,4,3,1,5,5,2,3,4,2,Database,Business Analyst
S0304,24,7.03,3,1,2,3,1,3,2,5,2,2,1,4,4,5,4,2,3,2,3,Database,Data Scientist
S0305,20,7.28,3,4,5,3,5,4,1,5,5,2,5,3,3,1,1,5,1,1,2,Security,Data Analyst
S0306,23,8.33,5,4,1,5,5,4,3,2,3,4,3,1,2,2,1,1,0,5,0,Programming,Cybersecurity Analyst
S0307,22,9.3,2,2,3,1,5,4,1,4,5,3,3,2,4,2,5,5,3,5,0,Security,Database Administrator
S0308,20,8.16,3,2,4,4,5,1,1,4,2,3,3,3,2,2,3,3,0,3,4,Web,Cloud Engineer
S0309,26,6.72,5,2,2,2,2,3,4,1,2,2,2,4,3,5,4,2,3,0,2,Programming,Data Scientist
S0310,24,8.2,2,4,3,4,5,1,1,3,4,5,2,1,5,5,4,3,2,4,2,Data,Database Administrator
S0311,26,8.88,2,1,4,1,2,2,5,2,3,1,3,3,2,5,4,1,1,4,0,Database,Business Analyst
S0312,25,7.25,4,2,1,5,3,4,3,2,4,1,4,2,4,4,2,1,2,0,2,Data,Cloud Engineer
S0313,22,7.68,2,3,2,1,5,3,5,5,1,1,5,2,4,4,5,1,1,4,3,Database,Business Analyst
S0314,25,7.81,3,1,5,5,3,4,5,5,2,5,4,2,3,5,4,3,2,5,4,Database,Business Analyst
S0315,21,7.09,3,3,1,4,5,1,2,2,4,5,3,3,4,3,5,2,0,4,4,Cloud,Cybersecurity Analyst
S0316,26,8.38,5,1,4,4,3,1,4,3,2,1,5,1,1,4,3,5,0,4,3,Web,Data Analyst
S0317,21,7.69,5,2,2,1,4,1,5,4,2,1,2,5,2,4,3,2,1,0,1,Data,Data Analyst
S0318,19,8.18,2,5,2,1,3,4,2,1,1,5,1,2,1,4,3,2,0,5,2,Database,Database Administrator
S0319,25,7.0,1,2,1,3,2,3,3,4,2,1,1,1,3,4,2,4,1,2,1,Security,Data Analyst
S0320,24,7.41,4,4,2,5,1,3,3,1,4,5,5,4,1,1,3,2,2,2,1,Data,Software Developer
S0321,26,8.45,1,4,4,3,3,2,2,3,3,4,4,4,1,4,5,5,1,0,2,Security,Data Scientist
S0322,23,7.46,2,1,1,2,1,4,5,2,5,2,5,1,2,3,1,4,3,2,0,Web,Data Scientist
S0323,22,9.35,2,4,5,2,4,2,5,3,4,2,4,4,2,1,1,2,2,3,2,Business,Cybersecurity Analyst
S0324,20,7.44,1,2,1,1,4,2,4,2,1,5,4,4,5,4,5,4,2,3,0,Business,Business Analyst
S0325,24,8.0,4,3,1,4,2,2,4,5,5,1,1,2,1,2,1,2,1,5,3,Business,Web Developer
S0326,24,8.64,1,2,5,2,2,2,3,1,2,2,2,3,2,1,4,1,3,0,0,Database,Data Analyst
S0327,21,6.52,5,1,4,2,3,1,4,5,4,3,3,3,1,4,1,1,3,1,1,Cloud,Data Scientist
S0328,25,6.22,3,4,3,3,5,2,2,2,5,1,2,3,1,3,2,2,0,5,1,Business,Web Developer
S0329,26,6.43,5,3,3,3,4,3,3,1,4,5,3,3,3,5,3,4,2,4,1,Data,Data Analyst
S0330,26,8.94,3,5,5,2,1,2,5,1,2,3,1,1,3,4,1,5,0,1,0,Cloud,Business Analyst
S0331,19,7.3,2,3,4,1,5,1,3,5,4,5,3,2,1,2,1,1,2,4,1,Business,Data Scientist
S0332,19,10.0,4,3,2,3,4,5,1,1,1,1,4,1,3,3,2,4,2,5,4,Business,Cybersecurity Analyst
S0333,22,7.29,1,2,5,2,3,5,3,2,5,4,5,4,2,1,2,5,2,2,2,Web,Software Developer
S0334,21,7.97,4,5,3,4,4,5,4,2,5,4,3,2,1,3,1,4,2,2,1,Programming,Business Analyst
S0335,24,9.19,1,1,4,3,2,4,2,5,5,4,2,5,3,4,4,2,1,3,0,Business,Data Scientist
S0336,26,9.61,5,1,1,2,1,3,5,3,4,1,1,3,2,2,1,1,3,1,1,Web,Data Scientist
S0337,23,9.66,5,3,4,5,1,1,5,2,2,1,1,4,1,3,4,1,2,0,0,Web,Data Scientist
S0338,21,8.89,1,3,4,3,2,5,4,2,4,3,5,3,1,3,3,1,0,4,2,Database,Database Administrator
S0339,22,8.72,4,4,3,5,5,1,4,1,4,1,4,3,3,5,5,2,0,2,0,Web,Data Analyst
S0340,22,8.33,1,5,3,3,2,1,4,1,5,1,4,3,2,5,3,5,1,5,2,Programming,Software Developer
S0341,21,8.5,2,3,2,3,1,4,1,2,2,3,1,5,1,4,1,5,3,4,1,Programming,Software Developer
S0342,22,7.3,5,4,2,5,3,5,2,5,3,3,4,4,1,1,1,1,2,0,4,Web,Web Developer
S0343,21,7.06,2,5,5,1,5,2,1,3,2,5,5,3,5,1,4,5,1,4,1,Programming,Software Developer
S0344,20,7.8,5,1,1,2,4,1,4,1,4,2,1,3,1,2,2,1,0,3,2,Security,Data Scientist
S0345,21,7.65,5,4,2,1,3,5,2,1,1,2,4,2,5,4,4,5,3,0,3,Web,Business Analyst
S0346,25,7.39,3,5,3,1,5,1,4,3,2,5,3,3,5,1,2,1,2,0,3,Business,Cloud Engineer
S0347,21,8.43,2,4,4,2,1,4,2,1,5,4,3,2,2,3,2,5,3,4,3,Data,Data Analyst
S0348,22,8.66,2,3,5,4,1,4,5,5,1,1,4,4,4,4,2,4,0,4,1,Security,Cybersecurity Analyst
S0349,26,7.88,3,2,2,1,3,2,1,1,3,3,3,4,5,3,2,1,1,2,0,Web,Database Administrator
S0350,25,9.13,4,1,4,1,5,4,4,1,3,3,5,4,2,2,1,1,1,4,4,Data,Software Developer
S0351,22,6.77,2,3,4,1,4,5,4,2,1,4,2,2,3,4,5,3,0,0,4,Database,Business Analyst
S0352,19,7.63,1,3,2,4,4,4,3,5,3,3,5,5,5,2,5,1,2,5,1,Business,Web Developer
S0353,19,7.15,3,5,1,3,2,2,5,5,1,4,5,5,4,5,3,5,2,4,2,Data,Data Analyst
S0354,26,6.12,2,4,1,5,3,3,4,2,4,5,4,3,3,2,3,4,3,5,1,Cloud,Data Scientist
S0355,26,7.73,4,1,5,5,5,1,1,4,1,4,5,4,5,5,3,4,0,5,3,Database,Business Analyst
S0356,25,7.69,2,3,1,4,3,1,5,3,4,2,4,1,5,4,4,5,0,2,2,Cloud,Business Analyst
S0357,20,9.16,5,5,5,1,4,5,4,5,5,4,1,3,4,3,3,2,2,1,4,Database,Software Developer
S0358,26,8.37,1,1,3,5,5,2,1,4,5,5,4,5,1,3,3,1,0,5,1,Data,Database Administrator
S0359,19,6.88,3,4,2,4,1,2,3,3,3,4,4,5,4,3,3,4,1,3,0,Web,Cloud Engineer
S0360,21,9.47,5,3,4,2,1,2,3,5,1,5,1,4,2,2,1,5,2,5,0,Web,Data Scientist
S0361,22,8.9,4,3,5,5,5,1,1,1,4,2,2,2,2,4,3,4,2,0,4,Web,Cybersecurity Analyst
S0362,19,8.32,5,3,1,2,3,4,5,5,5,1,1,3,4,4,5,4,1,2,2,Web,Software Developer
S0363,19,7.6,5,1,5,1,3,1,1,3,5,5,4,2,4,5,1,5,0,3,3,Data,Data Analyst
S0364,20,6.94,4,1,5,5,1,1,1,4,5,1,3,5,4,4,2,3,2,4,0,Business,Data Analyst
S0365,25,7.47,5,1,1,4,1,1,3,1,3,5,4,4,4,3,4,4,2,5,0,Programming,Data Scientist
S0366,25,8.78,3,1,1,3,4,4,3,3,5,4,1,5,4,4,1,4,2,4,1,Database,Business Analyst
S0367,24,9.5,2,5,2,5,5,3,3,3,2,1,4,4,5,5,1,2,0,1,4,Programming,Data Scientist
S0368,20,9.19,5,2,4,5,3,5,4,5,3,5,1,1,3,4,5,3,2,4,0,Business,Data Scientist
S0369,21,7.36,3,5,2,5,4,3,4,2,1,5,5,2,2,4,3,2,0,3,1,Business,Cloud Engineer
S0370,25,6.79,2,3,2,5,3,3,2,2,2,1,2,3,2,3,2,5,3,2,2,Database,Database Administrator
S0371,22,7.93,2,5,1,4,1,1,4,1,3,5,2,4,3,4,5,1,1,1,0,Web,Data Analyst
S0372,26,6.21,5,4,1,4,5,3,5,3,3,1,1,1,4,2,5,5,0,3,4,Cloud,Cloud Engineer
S0373,20,8.09,3,1,4,3,2,1,5,4,4,2,2,1,3,5,1,3,0,2,1,Data,Data Analyst
S0374,26,7.67,5,4,5,4,5,1,3,1,2,3,3,2,4,5,2,5,1,3,2,Programming,Software Developer
S0375,19,7.38,4,4,2,4,2,5,1,1,2,2,3,4,2,5,5,3,0,4,1,Business,Web Developer
S0376,22,6.36,2,3,4,1,4,2,3,5,2,1,2,3,1,4,4,2,1,3,3,Data,Software Developer
S0377,22,8.26,5,1,2,1,2,1,1,4,5,4,1,3,2,2,4,4,3,1,4,Cloud,Business Analyst
S0378,19,7.32,2,4,5,2,2,3,3,3,5,4,3,3,2,5,5,5,2,3,4,Business,Business Analyst
S0379,20,6.75,3,3,2,3,4,5,3,3,1,3,2,5,1,1,1,5,1,0,0,Data,Web Developer
S0380,19,5.21,1,1,3,1,5,3,5,3,1,1,4,5,3,3,4,4,1,4,1,Cloud,Web Developer
S0381,26,7.78,5,2,4,3,4,2,1,1,1,5,3,4,5,1,1,5,2,3,2,Business,Data Analyst
S0382,24,9.4,5,3,1,3,1,4,2,5,5,2,5,3,4,1,3,5,2,2,0,Cloud,Business Analyst
S0383,22,9.3,2,5,2,5,1,2,2,1,4,2,3,1,4,5,3,1,0,4,4,Database,Software Developer
S0384,23,7.39,3,1,4,3,2,5,3,2,1,3,2,3,2,1,1,1,0,5,1,Security,Data Scientist
S0385,23,7.26,4,4,4,5,4,2,3,2,3,3,2,4,1,1,5,4,0,2,2,Business,Software Developer
S0386,26,8.22,3,4,2,2,4,2,5,3,5,3,2,3,2,2,3,2,2,1,4,Cloud,Data Scientist
S0387,21,6.9,5,5,1,2,4,5,1,5,4,3,1,2,2,3,3,5,2,5,2,Security,Software Developer
S0388,25,8.07,4,5,1,2,5,5,3,3,3,3,1,3,3,4,4,5,2,5,1,Business,Software Developer
S0389,19,8.49,3,4,2,5,3,3,2,3,3,3,4,1,4,5,5,2,0,5,2,Business,Data Scientist
S0390,19,8.9,1,1,4,5,3,1,1,1,5,5,4,4,5,5,1,5,2,0,0,Cloud,Business Analyst
S0391,21,7.71,2,3,1,2,3,4,3,3,2,5,3,4,1,1,3,2,2,3,0,Database,Data Scientist
S0392,21,7.62,3,5,2,5,5,4,1,3,4,2,2,1,5,4,5,4,3,4,1,Cloud,Software Developer
S0393,26,7.01,3,5,2,4,4,4,5,5,5,2,4,4,1,4,3,4,1,3,4,Data,Data Analyst
S0394,26,7.06,1,5,2,4,3,2,2,5,2,3,2,3,4,4,4,2,1,3,3,Database,Data Analyst
S0395,21,7.6,5,2,4,5,4,5,1,5,5,2,3,4,3,5,5,2,2,4,3,Database,Business Analyst
S0396,22,8.13,2,1,1,5,2,5,2,3,5,3,1,3,5,5,2,3,0,5,3,Security,Software Developer
S0397,26,8.62,3,1,4,1,3,5,3,5,3,5,4,4,1,2,4,1,3,5,4,Business,Business Analyst
S0398,24,7.08,4,1,3,1,2,1,4,5,5,4,5,3,2,5,1,1,3,0,0,Programming,Business Analyst
S0399,26,9.14,3,1,1,3,5,5,1,4,2,5,5,3,4,5,5,5,1,0,0,Programming,Business Analyst
S0400,19,7.56,2,1,4,3,1,5,2,4,3,1,5,1,3,2,3,5,3,1,0,Data,Business Analyst
S0401,26,7.78,3,4,1,3,5,2,1,2,2,5,5,1,2,5,5,2,3,4,1,Programming,Business Analyst
S0402,22,7.13,1,5,3,2,5,3,3,1,2,1,5,5,3,1,1,2,3,4,0,Programming,Business Analyst
S0403,21,5.62,3,4,5,4,5,4,3,1,3,2,5,1,1,1,5,1,2,2,0,Cloud,Cloud Engineer
S0404,19,8.6,3,2,2,2,3,2,2,5,2,5,5,3,2,2,3,5,1,2,0,Web,Data Scientist
S0405,26,8.46,4,3,4,5,2,2,5,2,1,4,4,3,3,2,4,1,1,2,3,Web,Cloud Engineer
S0406,22,7.55,1,5,3,1,3,2,1,2,5,5,5,4,4,1,4,4,0,0,2,Programming,Cybersecurity Analyst
S0407,24,7.86,1,2,3,5,1,4,1,4,3,5,5,4,5,4,3,1,2,1,0,Data,Software Developer
S0408,26,8.26,3,4,1,5,5,2,3,2,3,5,3,5,5,5,2,1,3,1,2,Data,Business Analyst
S0409,22,6.39,4,3,1,1,4,3,1,3,1,3,4,3,2,3,2,2,2,5,0,Security,Business Analyst
S0410,24,7.32,3,2,2,5,1,5,2,5,1,5,3,5,4,3,4,5,3,3,3,Data,Data Scientist
S0411,21,8.51,3,3,1,3,2,3,4,3,1,5,2,3,4,2,1,4,3,1,3,Data,Data Scientist
S0412,26,6.67,2,2,4,1,1,5,3,1,1,4,5,1,3,3,5,1,0,2,2,Cloud,Cybersecurity Analyst
S0413,24,8.06,2,4,4,5,3,5,4,4,4,1,1,4,2,4,3,1,0,4,3,Cloud,Cybersecurity Analyst
S0414,19,6.58,4,3,4,3,4,2,1,3,3,1,5,5,4,3,1,2,0,3,1,Business,Data Scientist
S0415,21,8.22,5,2,5,3,3,2,5,5,2,4,5,2,3,1,5,3,3,5,4,Programming,Cybersecurity Analyst
S0416,19,7.77,2,4,4,4,5,4,2,3,3,2,3,3,4,2,4,5,3,0,4,Business,Data Analyst
S0417,23,6.35,5,5,1,3,5,1,1,3,3,5,2,1,2,3,3,5,2,1,0,Data,Software Developer
S0418,20,8.85,1,4,1,2,1,3,2,2,3,2,3,2,4,5,1,5,1,5,3,Web,Business Analyst
S0419,26,7.14,2,4,4,1,5,4,1,4,1,4,4,1,4,2,5,1,3,4,4,Data,Software Developer
S0420,24,7.07,2,5,3,1,5,4,1,1,1,2,2,1,4,4,4,1,2,2,2,Database,Database Administrator
S0421,20,7.98,4,4,3,1,2,3,1,5,4,1,2,3,5,1,4,1,2,0,2,Data,Database Administrator
S0422,20,8.83,5,5,3,5,2,3,3,5,3,3,2,1,1,3,5,3,3,0,2,Programming,Data Analyst
S0423,24,6.89,2,5,2,5,3,5,4,1,5,2,3,5,2,1,2,1,3,1,0,Web,Business Analyst
S0424,21,7.86,2,5,5,2,3,1,5,5,4,3,5,2,5,4,2,5,0,4,4,Programming,Data Scientist
S0425,26,8.19,4,2,4,3,2,2,4,2,1,2,5,1,1,3,5,5,0,2,4,Data,Data Scientist
S0426,23,8.42,4,3,2,5,1,1,4,3,3,4,5,1,4,2,5,2,0,2,4,Web,Data Scientist
S0427,19,7.96,5,2,3,3,2,1,2,2,1,3,5,4,4,2,5,3,2,2,2,Data,Business Analyst
S0428,22,7.47,1,5,4,3,3,2,3,2,2,2,5,4,5,5,4,4,0,2,2,Business,Business Analyst
S0429,19,7.06,1,3,2,5,4,1,3,2,1,4,4,5,3,4,3,1,3,1,0,Programming,Data Scientist
S0430,22,7.88,3,3,1,5,5,4,1,1,1,1,1,4,2,3,4,4,0,5,1,Database,Data Scientist
S0431,19,6.84,2,5,3,2,4,4,4,4,4,5,2,1,1,1,4,1,3,5,4,Programming,Cybersecurity Analyst
S0432,24,5.17,5,3,2,4,4,2,5,1,2,4,1,1,4,1,2,3,3,5,0,Cloud,Data Scientist
S0433,23,8.19,2,3,1,1,5,2,2,1,5,4,4,2,2,3,5,3,1,1,2,Web,Data Scientist
S0434,26,8.61,5,2,3,5,2,3,3,2,5,1,5,4,4,4,4,5,1,4,1,Cloud,Business Analyst
S0435,22,5.67,5,3,5,5,1,3,1,4,5,3,4,3,4,4,4,3,0,3,3,Business,Web Developer
S0436,26,6.89,5,5,3,3,4,1,5,1,3,2,4,4,4,1,5,4,3,1,1,Database,Data Analyst
S0437,26,8.36,2,1,5,4,1,1,4,4,5,3,1,1,2,3,3,4,1,2,0,Web,Cloud Engineer
S0438,26,9.65,4,1,5,5,3,2,5,2,3,4,2,2,5,3,2,3,2,5,1,Security,Data Analyst
S0439,25,7.82,2,1,5,4,4,1,3,1,1,2,3,4,2,1,1,4,1,5,2,Database,Business Analyst
S0440,21,7.14,5,5,4,1,3,5,2,4,5,5,3,2,2,3,4,1,0,4,1,Web,Data Scientist
S0441,19,7.64,3,1,4,3,2,4,4,5,4,5,2,4,3,3,3,2,2,2,2,Database,Data Scientist
S0442,26,9.04,1,2,5,2,4,1,2,1,2,2,5,5,3,2,1,5,2,1,1,Database,Business Analyst
S0443,19,7.22,5,5,1,1,3,1,5,1,2,4,4,1,5,2,5,2,3,5,0,Data,Software Developer
S0444,26,7.08,3,5,5,4,3,3,5,1,1,1,5,1,3,5,1,4,3,4,3,Web,Cloud Engineer
S0445,22,7.37,4,5,2,4,2,5,1,4,2,3,4,3,5,5,5,5,3,2,4,Cloud,Business Analyst
S0446,21,6.94,5,3,5,1,1,1,4,3,2,3,3,1,4,4,3,2,3,5,1,Programming,Database Administrator
S0447,21,7.91,3,3,4,4,1,4,5,1,1,1,2,3,4,2,1,2,1,3,3,Programming,Cybersecurity Analyst
S0448,24,9.26,5,3,4,2,4,1,3,5,1,1,1,1,2,2,2,4,0,0,1,Web,Database Administrator
S0449,25,8.09,2,4,2,2,2,2,3,5,1,5,1,4,4,2,3,5,0,0,3,Security,Web Developer
S0450,24,7.57,3,2,2,4,4,5,2,2,4,1,2,4,3,2,1,5,3,5,2,Programming,Data Analyst
S0451,24,7.54,2,5,3,4,1,1,3,3,1,2,3,5,1,4,4,2,1,2,3,Business,Cloud Engineer
S0452,24,6.39,2,5,1,2,2,5,5,3,1,5,4,4,2,1,1,5,1,5,4,Programming,Business Analyst
S0453,24,8.59,3,3,1,4,5,1,3,4,1,4,1,2,5,4,1,5,1,0,3,Database,Data Scientist
S0454,24,7.73,1,5,1,5,2,4,4,2,5,5,3,4,4,1,2,1,0,5,4,Business,Data Scientist
S0455,23,7.64,3,5,4,3,2,4,2,4,5,5,2,3,2,5,3,4,3,5,4,Business,Database Administrator
S0456,21,10.0,1,1,1,5,5,5,4,2,4,3,5,5,2,2,4,4,1,3,3,Business,Business Analyst
S0457,24,8.07,5,5,3,4,3,3,5,3,4,1,3,2,2,1,3,1,1,5,4,Programming,Software Developer
S0458,26,7.12,5,4,3,4,3,3,5,4,2,2,3,2,4,4,3,2,3,3,4,Security,Cybersecurity Analyst
S0459,21,7.42,3,3,1,3,3,2,3,2,5,1,5,1,5,1,4,3,1,2,2,Cloud,Data Scientist
S0460,21,8.83,5,2,2,4,1,3,1,3,4,3,3,3,2,3,4,2,0,3,0,Web,Data Analyst
S0461,20,7.9,4,2,3,3,2,5,1,3,4,1,1,4,2,5,2,1,2,0,2,Business,Software Developer
S0462,23,6.51,2,1,2,2,5,3,5,1,2,2,1,4,2,5,5,5,0,2,0,Security,Data Scientist
S0463,24,8.63,2,2,4,3,1,2,5,4,1,1,1,1,4,2,2,1,3,5,0,Database,Cybersecurity Analyst
S0464,19,7.2,1,2,3,3,5,1,2,1,3,3,3,4,3,2,4,4,3,0,2,Database,Data Analyst
S0465,22,9.49,5,3,2,5,1,3,5,3,2,2,3,2,5,4,1,5,0,3,4,Web,Business Analyst
S0466,25,8.77,1,3,1,4,1,5,5,4,3,1,3,4,2,1,1,2,2,3,2,Data,Cybersecurity Analyst
S0467,26,7.4,2,4,4,2,1,5,2,4,2,3,2,4,2,3,3,5,3,4,4,Business,Data Scientist
S0468,19,8.95,2,1,5,1,5,2,4,5,2,3,5,2,2,5,3,4,3,1,2,Web,Data Analyst
S0469,23,7.86,5,2,5,3,4,2,4,2,1,5,3,3,4,1,5,1,0,5,2,Business,Database Administrator
S0470,22,8.57,4,4,1,1,1,4,2,5,4,2,5,3,3,3,5,2,2,1,1,Programming,Data Scientist
S0471,23,8.24,4,1,4,4,3,4,2,5,5,2,4,2,2,1,5,3,2,2,3,Security,Data Scientist
S0472,26,7.04,5,2,4,3,2,4,4,3,2,1,1,2,2,2,5,3,2,0,2,Business,Data Analyst
S0473,21,7.22,5,2,4,1,4,1,4,2,1,5,2,5,4,5,1,1,3,1,3,Security,Data Scientist
S0474,22,8.73,1,3,4,5,4,5,4,5,3,2,5,5,5,3,4,2,2,2,4,Cloud,Business Analyst
S0475,21,7.5,5,5,5,1,5,4,4,5,4,3,1,4,5,2,5,2,0,3,1,Data,Data Scientist
S0476,26,7.44,4,1,2,5,4,5,3,4,2,2,2,4,3,4,2,5,3,1,1,Database,Database Administrator
S0477,19,6.94,5,2,4,2,5,2,2,3,3,5,1,5,5,4,5,1,2,0,0,Database,Database Administrator
S0478,26,8.18,1,1,2,4,5,1,1,5,2,4,3,4,2,2,1,5,1,4,3,Cloud,Data Scientist
S0479,19,9.66,1,4,4,1,3,2,3,2,5,3,3,3,4,3,3,1,2,4,1,Cloud,Database Administrator
S0480,22,6.84,1,4,3,3,1,5,1,1,5,2,1,3,2,3,2,4,2,1,4,Data,Database Administrator
S0481,22,7.82,1,5,3,4,4,4,1,1,4,3,2,1,2,5,5,1,3,4,0,Programming,Business Analyst
S0482,24,9.07,3,2,3,1,1,2,5,3,3,1,1,5,3,2,1,5,0,2,1,Security,Data Scientist
S0483,23,7.73,5,3,4,3,1,3,2,1,5,3,4,3,5,4,3,2,1,5,4,Web,Data Analyst
S0484,24,8.21,2,2,2,3,1,1,3,4,1,2,2,1,5,2,5,1,3,0,3,Data,Software Developer
S0485,23,6.84,5,1,5,3,5,5,2,4,4,1,2,2,5,1,1,2,2,3,4,Cloud,Software Developer
S0486,24,8.19,3,4,1,3,1,4,4,2,2,1,1,3,2,3,1,4,3,0,4,Database,Business Analyst
S0487,21,7.63,1,1,5,1,4,2,2,3,3,1,5,1,4,1,4,3,3,3,4,Web,Database Administrator
S0488,22,8.69,3,5,4,2,5,1,1,3,3,4,1,4,4,4,1,3,1,4,2,Business,Business Analyst
S0489,19,8.87,4,4,3,5,4,4,4,1,1,4,5,1,2,3,5,5,2,2,1,Data,Cloud Engineer
S0490,23,10.0,4,3,3,5,5,2,2,5,5,1,2,3,1,4,1,1,3,3,4,Business,Data Scientist
S0491,26,8.32,5,4,2,5,2,5,2,5,3,2,3,4,2,4,2,4,0,4,0,Data,Data Scientist
S0492,23,8.09,5,2,4,2,2,3,1,5,1,1,3,4,5,4,1,4,1,3,2,Programming,Cloud Engineer
S0493,19,7.97,2,2,5,3,2,3,4,2,1,1,1,1,2,5,1,2,3,1,4,Business,Data Analyst
S0494,24,7.48,2,4,4,3,2,5,1,3,2,3,5,1,1,4,2,5,1,0,4,Programming,Business Analyst
S0495,23,8.1,4,5,4,4,5,1,2,1,1,3,1,3,2,4,5,4,3,5,1,Security,Data Analyst
S0496,25,7.53,1,2,3,5,1,5,3,2,4,3,4,4,5,1,3,1,3,5,2,Security,Data Scientist
S0497,21,7.95,3,2,5,5,3,2,3,4,3,5,1,5,3,1,4,4,3,2,4,Web,Web Developer
S0498,22,8.99,2,3,1,3,3,1,5,4,4,3,1,1,4,1,3,3,0,4,4,Security,Web Developer
S0499,19,6.89,2,4,3,5,2,3,3,4,1,3,1,5,1,3,5,5,0,2,3,Business,Cloud Engineer
S0500,22,8.83,1,2,5,3,1,2,4,3,1,2,1,5,3,5,5,2,0,0,0,Business,Cybersecurity Analyst
S0501,25,8.99,1,5,2,3,4,4,5,4,4,4,5,4,4,3,2,1,3,5,0,Data,Software Developer
S0502,23,7.69,5,1,3,3,1,4,4,5,2,4,5,3,3,5,3,3,0,3,1,Data,Database Administrator
S0503,23,5.89,3,4,2,1,4,4,3,4,1,4,5,5,2,5,1,4,1,3,2,Data,Cloud Engineer
S0504,26,7.25,1,3,3,1,3,3,3,2,4,5,4,3,2,2,2,5,0,2,4,Business,Business Analyst
S0505,25,8.97,2,2,4,1,1,5,2,4,4,1,4,1,4,2,2,5,1,3,2,Data,Business Analyst
S0506,19,7.78,2,5,5,1,1,1,4,5,3,3,1,4,4,2,4,1,2,3,1,Programming,Data Analyst
S0507,26,6.9,4,4,2,2,3,3,1,4,2,2,5,2,2,5,2,2,2,3,3,Data,Database Administrator
S0508,21,7.35,1,5,3,4,1,2,2,1,5,5,4,4,2,5,3,3,0,1,1,Data,Database Administrator
S0509,26,8.56,5,5,2,4,4,2,4,5,4,4,3,2,4,3,5,2,0,4,0,Data,Software Developer
S0510,20,8.29,3,3,3,3,1,4,5,3,3,5,1,1,4,5,4,1,1,4,3,Cloud,Software Developer
S0511,19,7.58,5,4,3,5,4,1,4,4,5,2,2,3,4,4,1,1,3,5,4,Business,Database Administrator
S0512,20,7.47,2,2,1,1,2,4,5,2,3,5,5,1,5,4,3,3,1,0,1,Business,Data Scientist
S0513,25,7.45,5,3,1,4,1,2,5,4,3,4,1,4,5,5,1,5,2,3,2,Web,Cybersecurity Analyst
S0514,24,6.97,2,2,1,4,4,2,3,2,2,1,1,2,2,4,2,5,3,2,2,Business,Data Analyst
S0515,20,9.25,2,1,2,1,3,5,1,1,1,4,2,2,5,5,3,3,1,3,0,Database,Database Administrator
S0516,21,7.51,2,5,4,2,2,5,4,3,2,4,3,4,1,2,4,2,0,0,0,Web,Cloud Engineer
S0517,26,8.9,2,1,3,2,1,5,1,5,5,4,4,4,2,5,4,3,2,3,0,Data,Database Administrator
S0518,24,9.17,2,5,5,4,4,4,5,5,2,5,4,1,1,2,1,5,2,1,0,Business,Business Analyst
S0519,26,8.7,4,3,1,2,1,1,3,3,1,2,2,5,3,1,5,2,0,0,4,Data,Software Developer
S0520,20,7.41,5,2,2,1,4,5,1,1,2,4,2,2,1,4,4,4,1,4,3,Web,Web Developer
S0521,26,8.16,4,2,2,4,1,3,2,1,2,5,4,4,3,1,1,2,0,4,0,Security,Data Analyst
S0522,25,7.78,4,3,2,1,2,5,5,4,2,2,3,1,1,4,5,5,1,1,1,Cloud,Data Scientist
S0523,24,6.99,1,4,5,2,2,4,2,1,4,1,3,5,3,1,3,1,2,4,4,Cloud,Cloud Engineer
S0524,25,8.09,1,1,5,1,1,1,1,4,4,4,1,3,3,5,4,2,0,5,3,Business,Data Analyst
S0525,20,6.74,1,1,1,2,1,5,1,2,2,3,2,4,2,1,4,2,2,1,4,Security,Cloud Engineer
S0526,25,8.87,3,2,5,2,5,1,1,3,1,5,2,5,4,4,1,1,2,4,2,Data,Data Scientist
S0527,21,7.38,1,2,1,1,1,3,4,2,1,1,2,3,4,3,4,5,3,4,4,Web,Database Administrator
S0528,20,7.98,5,2,5,2,1,2,5,2,1,1,4,3,2,4,1,4,0,5,4,Database,Data Scientist
S0529,20,8.05,4,3,5,3,2,1,5,2,1,1,4,1,3,3,4,4,2,3,2,Cloud,Cybersecurity Analyst
S0530,20,7.57,5,4,5,1,1,5,5,2,3,5,4,2,4,5,1,3,1,0,2,Security,Business Analyst
S0531,19,8.33,1,1,1,3,3,4,4,5,2,2,3,4,4,4,4,4,0,4,2,Database,Database Administrator
S0532,26,7.37,3,5,3,1,1,4,1,1,2,3,4,5,1,1,3,4,1,0,4,Security,Cloud Engineer
S0533,19,8.58,3,3,1,2,5,4,1,3,3,2,1,3,5,5,3,2,1,0,2,Programming,Data Scientist
S0534,19,6.59,4,1,3,2,4,4,2,3,1,4,4,2,2,4,1,3,1,4,0,Business,Cloud Engineer
S0535,21,7.91,5,4,2,4,2,1,4,2,5,3,3,3,5,5,3,4,0,0,1,Security,Business Analyst
S0536,24,9.55,2,3,2,4,3,4,3,3,5,2,2,4,3,3,1,2,1,5,1,Programming,Data Analyst
S0537,26,6.9,5,1,1,3,4,2,4,4,3,4,1,4,1,5,1,3,0,1,2,Programming,Software Developer
S0538,25,7.19,1,3,3,2,3,3,2,3,5,3,3,1,4,1,2,2,3,5,3,Business,Business Analyst
S0539,23,8.26,2,1,3,4,2,1,2,2,4,5,5,4,1,4,3,1,1,2,4,Cloud,Cybersecurity Analyst
S0540,20,7.96,3,1,3,2,5,1,2,3,2,4,2,4,2,3,2,5,0,1,1,Database,Data Analyst
S0541,25,8.12,4,4,2,1,2,4,1,1,5,2,4,4,3,5,2,5,1,4,0,Database,Cloud Engineer
S0542,20,8.24,4,5,1,4,3,4,3,2,4,3,3,2,1,2,4,5,2,1,3,Data,Data Analyst
S0543,21,8.37,3,4,4,3,3,1,2,5,2,4,5,5,1,3,1,4,1,5,3,Data,Data Analyst
S0544,20,8.8,1,1,3,4,2,4,5,1,4,4,3,5,1,3,5,5,2,2,0,Security,Business Analyst
S0545,19,8.17,3,3,3,2,1,4,1,3,2,5,4,4,4,1,2,5,2,1,4,Web,Web Developer
S0546,26,7.58,1,4,4,5,2,4,3,5,2,4,3,5,3,1,4,3,1,0,4,Database,Software Developer
S0547,23,8.41,2,5,1,5,5,4,5,1,5,3,5,4,4,5,3,3,1,4,2,Database,Database Administrator
S0548,22,9.51,3,1,3,2,2,4,3,4,3,1,3,5,1,2,5,3,2,0,0,Web,Data Analyst
S0549,20,7.68,1,4,1,1,4,5,3,1,5,3,1,5,4,3,1,4,3,0,0,Programming,Data Analyst
S0550,25,6.92,2,4,3,4,1,5,5,5,1,3,1,3,4,5,4,5,0,4,0,Database,Database Administrator
S0551,19,8.8,3,4,5,5,4,5,4,4,4,5,4,2,2,2,5,4,1,4,2,Business,Data Analyst
S0552,22,7.69,4,4,3,1,2,1,3,3,1,5,5,3,5,5,1,4,2,3,1,Security,Database Administrator
S0553,23,5.84,3,3,5,2,1,3,4,2,2,4,5,3,5,3,1,4,0,2,4,Security,Business Analyst
S0554,22,8.56,5,5,1,1,4,1,3,3,5,5,5,5,2,5,5,4,1,0,2,Data,Data Scientist
S0555,19,7.32,3,5,3,2,4,5,5,2,1,4,5,1,2,1,4,4,0,5,2,Web,Cybersecurity Analyst
S0556,26,7.72,5,1,2,4,1,1,3,2,1,1,5,1,4,1,5,4,2,0,2,Cloud,Web Developer
S0557,26,8.1,2,2,2,1,1,3,2,5,1,2,2,2,4,4,2,5,1,4,0,Database,Database Administrator
S0558,24,7.97,3,3,4,4,3,4,2,4,2,5,3,4,3,2,1,3,3,4,2,Database,Software Developer
S0559,26,8.44,2,1,2,1,1,2,3,4,2,5,5,5,5,3,3,2,0,1,1,Business,Business Analyst
S0560,24,7.41,2,1,5,2,2,5,5,1,2,1,1,2,4,2,5,2,1,0,3,Security,Database Administrator
S0561,22,8.26,1,4,2,2,5,5,5,3,1,5,3,3,3,1,5,2,0,0,2,Security,Cybersecurity Analyst
S0562,21,7.57,2,2,2,1,3,3,1,5,4,1,4,5,5,3,1,1,0,4,1,Data,Data Analyst
S0563,25,8.46,2,2,2,2,1,4,5,3,5,4,4,3,3,4,1,3,1,5,0,Cloud,Data Analyst
S0564,25,8.35,3,3,3,3,5,4,4,1,5,5,5,2,3,1,5,5,1,5,3,Cloud,Data Scientist
S0565,22,6.96,3,2,4,3,3,2,3,1,2,5,2,1,2,1,3,4,1,0,4,Cloud,Software Developer
S0566,20,8.78,4,1,1,4,2,4,2,5,1,4,2,2,1,2,1,2,2,2,4,Business,Data Scientist
S0567,20,7.32,1,2,4,3,5,3,5,1,4,5,3,5,1,5,1,3,1,3,0,Cloud,Cloud Engineer
S0568,26,8.53,2,2,5,3,1,4,2,5,3,3,2,5,1,2,2,5,0,4,0,Database,Data Scientist
S0569,25,8.13,1,5,3,5,1,3,1,1,2,1,4,4,3,1,4,2,1,4,4,Web,Database Administrator
S0570,25,9.45,5,1,3,5,2,5,3,4,3,2,5,1,4,2,2,3,2,0,0,Business,Data Scientist
S0571,24,7.6,2,2,2,5,3,5,5,5,5,3,1,5,1,5,3,5,2,5,4,Database,Data Analyst
S0572,21,7.49,1,2,2,5,5,5,2,4,5,2,4,1,4,4,4,3,1,3,0,Programming,Data Analyst
S0573,19,7.78,4,4,5,2,2,1,5,4,4,3,4,5,5,3,5,4,0,3,4,Database,Business Analyst
S0574,20,7.53,4,2,3,4,3,5,1,5,4,3,3,1,1,1,3,3,2,5,1,Cloud,Web Developer
S0575,25,8.52,2,2,1,4,4,3,2,3,3,3,2,2,3,2,3,3,0,4,0,Programming,Cybersecurity Analyst
S0576,24,6.35,5,5,4,3,4,2,2,2,5,1,1,1,2,1,2,1,3,4,4,Programming,Data Scientist
S0577,23,6.85,4,1,3,4,3,4,3,1,4,2,1,3,3,3,4,4,2,4,0,Database,Database Administrator
S0578,24,6.84,4,3,1,3,1,5,3,1,4,4,2,2,4,2,3,3,3,2,4,Data,Data Analyst
S0579,20,8.66,5,1,1,4,1,1,2,3,5,4,5,5,5,4,4,4,2,0,4,Cloud,Software Developer
S0580,20,9.34,1,4,4,1,4,1,3,2,5,5,2,5,3,3,5,3,0,2,3,Web,Business Analyst
S0581,24,7.71,4,1,1,1,1,3,2,3,1,1,5,4,2,5,4,4,3,4,0,Data,Cloud Engineer
S0582,19,7.65,3,2,5,4,1,2,4,2,4,1,1,3,2,5,2,5,0,3,1,Database,Web Developer
S0583,22,7.86,4,4,1,2,3,5,5,5,3,1,3,4,5,1,2,2,2,0,2,Data,Software Developer
S0584,20,8.85,1,1,5,3,3,5,4,5,2,3,4,2,1,5,3,1,0,0,2,Database,Data Analyst
S0585,24,6.97,1,4,1,4,1,1,4,4,2,1,1,4,3,2,4,2,3,5,0,Programming,Software Developer
S0586,25,8.01,2,3,2,3,3,3,5,4,5,4,1,2,3,5,2,3,1,4,4,Security,Data Scientist
S0587,24,8.68,3,1,1,5,5,1,2,5,3,1,1,4,2,4,1,3,1,4,4,Web,Web Developer
S0588,21,8.25,1,2,5,4,4,1,2,4,1,3,4,1,4,2,2,5,2,4,1,Business,Business Analyst
S0589,22,7.97,5,4,1,2,5,2,3,5,4,2,5,2,3,1,5,3,1,4,0,Cloud,Business Analyst
S0590,23,8.7,3,5,1,5,5,3,1,3,1,1,3,2,2,1,1,4,2,4,2,Cloud,Software Developer
S0591,19,5.37,3,4,1,4,1,2,2,1,3,2,3,1,4,5,4,2,0,4,1,Web,Cybersecurity Analyst
S0592,26,8.41,5,5,5,1,1,3,5,5,1,5,3,1,1,5,3,3,0,0,0,Cloud,Data Analyst
S0593,23,7.21,4,2,1,4,5,5,1,5,5,3,5,3,1,1,1,5,3,2,0,Security,Web Developer
S0594,22,6.15,5,3,4,1,5,4,5,5,2,1,2,1,2,2,2,1,3,3,0,Business,Business Analyst
S0595,22,8.26,5,5,4,1,2,4,5,4,5,5,2,4,2,3,3,2,1,4,3,Security,Cybersecurity Analyst
S0596,22,9.04,4,3,5,4,2,3,5,4,4,5,3,1,1,1,3,5,0,3,1,Cloud,Data Analyst
S0597,23,7.68,4,4,2,4,4,4,1,4,5,2,1,1,2,4,3,5,3,5,0,Data,Data Scientist
S0598,25,8.66,4,2,4,1,5,1,4,4,3,4,1,2,5,2,3,2,1,0,1,Business,Database Administrator
S0599,22,9.25,4,5,3,3,3,5,5,3,3,4,4,2,3,3,4,5,2,3,2,Business,Business Analyst
S0600,24,8.98,4,4,4,5,2,5,3,5,4,4,2,1,5,3,4,1,3,0,0,Cloud,Data Scientist
S0601,23,9.28,5,1,3,2,1,4,2,3,4,4,1,3,4,2,4,1,3,1,4,Cloud,Cybersecurity Analyst
S0602,26,8.47,2,4,5,4,5,3,2,4,2,3,3,2,2,1,2,3,1,2,0,Web,Data Analyst
S0603,22,7.87,2,3,2,5,3,1,2,3,1,1,4,4,2,3,4,4,3,1,0,Security,Cybersecurity Analyst
S0604,24,6.36,1,2,3,5,3,3,1,5,2,1,2,4,4,4,3,3,1,0,1,Business,Cybersecurity Analyst
S0605,25,7.58,2,2,3,3,3,4,3,5,5,3,4,1,3,2,1,4,3,5,1,Data,Data Analyst
S0606,21,7.04,2,4,4,5,1,5,3,4,1,2,1,1,1,5,1,2,0,1,3,Web,Data Scientist
S0607,25,9.75,5,1,3,4,2,5,3,5,4,1,3,3,5,1,1,5,0,0,0,Web,Business Analyst
S0608,26,7.64,4,3,5,5,3,3,3,3,3,5,3,1,3,2,1,3,0,1,2,Data,Data Analyst
S0609,22,7.91,4,4,5,4,2,2,3,2,5,1,3,5,1,4,1,5,3,0,1,Data,Web Developer
S0610,26,8.3,5,4,5,4,4,3,4,5,2,3,1,5,1,3,5,3,1,2,3,Web,Data Analyst
S0611,23,7.84,2,2,4,1,1,2,3,3,4,2,5,1,2,1,1,3,0,5,4,Cloud,Database Administrator
S0612,20,9.33,5,3,2,3,2,3,3,3,1,1,3,5,4,1,1,1,2,2,4,Database,Software Developer
S0613,22,7.24,1,1,4,2,2,2,1,3,1,3,5,4,2,2,1,4,3,2,3,Data,Data Analyst
S0614,20,7.98,4,2,5,1,3,2,1,5,3,5,3,1,4,2,2,2,1,0,4,Business,Data Analyst
S0615,24,7.13,3,4,4,2,3,2,3,2,4,4,5,4,2,4,5,5,3,3,0,Programming,Business Analyst
S0616,21,6.61,1,2,5,4,1,2,4,4,4,5,2,4,5,5,1,3,1,1,1,Data,Data Scientist
S0617,19,7.25,1,2,1,1,2,1,3,4,5,5,2,5,2,2,4,5,1,1,2,Business,Data Scientist
S0618,26,7.77,5,5,1,5,5,2,3,5,5,2,3,3,5,2,2,1,3,1,4,Web,Data Scientist
S0619,25,7.41,2,2,3,5,3,2,3,5,1,1,4,4,3,2,5,2,2,5,0,Programming,Software Developer
S0620,21,7.18,4,2,2,2,3,5,5,1,2,4,4,5,3,4,4,4,2,1,1,Web,Cybersecurity Analyst
S0621,22,6.53,3,3,1,4,4,1,4,2,1,3,1,3,2,3,4,4,3,2,0,Security,Data Scientist
S0622,20,7.73,1,2,5,2,1,2,2,3,5,4,2,5,3,5,2,3,0,3,0,Security,Database Administrator
S0623,25,6.45,3,1,4,3,2,4,3,3,5,1,2,5,1,4,4,2,0,1,1,Cloud,Data Scientist
S0624,20,8.48,2,4,4,5,2,1,2,4,5,2,4,1,5,2,3,4,1,3,4,Data,Data Analyst
S0625,23,7.87,2,3,3,1,2,5,4,5,1,1,3,2,4,3,2,2,0,0,4,Database,Software Developer
S0626,20,6.49,3,2,4,1,3,3,3,2,4,3,1,3,5,2,2,5,3,0,0,Database,Data Analyst
S0627,23,7.52,4,1,1,1,1,5,2,4,2,4,2,5,2,4,3,1,3,5,3,Web,Data Scientist
S0628,24,7.12,2,4,4,5,2,5,2,2,2,5,1,4,3,1,2,2,2,1,4,Programming,Software Developer
S0629,25,8.09,3,3,1,4,5,1,4,5,5,1,2,4,3,2,4,2,0,4,0,Business,Data Scientist
S0630,25,9.01,1,1,1,5,4,1,3,3,3,2,5,2,1,3,4,4,0,5,2,Data,Business Analyst
S0631,19,6.11,3,2,2,5,4,4,5,1,1,2,5,3,3,5,4,3,1,2,2,Cloud,Software Developer
S0632,22,7.9,3,5,3,1,2,4,4,2,4,4,1,1,2,1,3,3,3,5,3,Web,Database Administrator
S0633,23,7.66,5,5,5,5,3,1,5,3,5,5,4,3,2,2,4,5,3,1,0,Business,Data Scientist
S0634,19,8.4,2,3,1,1,4,1,3,2,3,3,4,4,4,2,3,4,3,2,2,Business,Business Analyst
S0635,20,7.99,4,1,3,4,4,1,2,2,5,5,2,4,5,3,3,4,2,1,4,Web,Cybersecurity Analyst
S0636,20,7.12,4,4,5,3,4,3,4,2,3,4,5,1,5,1,3,1,2,2,0,Security,Data Analyst
S0637,19,7.51,5,1,4,1,4,5,4,5,2,5,5,1,5,1,2,3,2,4,3,Cloud,Database Administrator
S0638,25,7.08,4,5,3,2,2,4,4,4,3,4,1,4,4,1,5,4,3,4,3,Business,Software Developer
S0639,20,8.77,3,3,3,3,1,4,1,2,2,5,1,5,4,2,3,5,3,5,4,Web,Data Analyst
S0640,26,7.82,5,2,3,4,1,2,3,5,2,1,4,5,4,1,4,1,0,0,2,Security,Database Administrator
S0641,24,9.51,1,1,4,3,3,3,1,1,1,2,4,1,1,2,3,3,3,5,2,Database,Data Scientist
S0642,24,7.75,2,5,4,1,5,1,4,4,3,4,4,5,4,2,1,3,3,1,3,Database,Business Analyst
S0643,26,7.16,2,4,3,4,1,1,4,5,4,4,3,1,3,1,2,3,2,4,1,Security,Database Administrator
S0644,19,6.44,2,3,2,2,5,3,5,1,4,2,5,3,1,4,4,1,0,4,3,Programming,Cloud Engineer
S0645,26,6.18,3,2,1,1,1,4,1,4,3,3,5,3,3,5,2,5,3,5,3,Business,Business Analyst
S0646,23,6.37,1,1,4,1,1,1,2,5,1,4,1,3,5,5,2,5,1,1,0,Cloud,Business Analyst
S0647,23,8.04,5,4,2,4,3,2,3,1,4,1,5,1,2,4,1,4,2,5,4,Cloud,Web Developer
S0648,19,8.26,5,2,4,4,4,4,2,5,5,5,1,1,5,1,3,4,1,5,0,Database,Database Administrator
S0649,26,6.38,2,5,3,3,3,5,2,1,4,1,3,5,4,2,4,3,0,5,3,Web,Cybersecurity Analyst
S0650,23,8.61,1,5,2,2,1,3,3,2,1,4,4,5,2,3,5,2,2,1,0,Database,Business Analyst
S0651,25,7.37,1,4,5,3,4,4,4,2,2,3,3,5,5,4,2,4,0,0,2,Programming,Cloud Engineer
S0652,26,7.93,1,5,1,3,4,5,5,4,2,4,4,2,1,5,5,5,3,4,3,Data,Web Developer
S0653,25,9.25,4,3,1,1,4,2,4,1,2,3,4,1,4,5,5,3,2,2,2,Web,Business Analyst
S0654,23,8.61,4,4,4,4,5,3,4,2,1,2,1,3,5,2,3,5,0,1,2,Security,Software Developer
S0655,24,7.56,2,5,1,1,1,1,1,4,2,5,4,3,2,5,5,3,0,1,4,Data,Data Scientist
S0656,23,7.0,1,1,5,2,2,1,2,3,2,1,3,2,3,5,4,1,0,1,2,Data,Business Analyst
S0657,25,5.86,1,5,2,3,3,5,2,2,1,3,2,2,5,2,3,4,1,5,0,Business,Software Developer
S0658,21,7.15,5,3,2,2,5,4,2,2,5,1,1,3,1,1,5,1,2,5,0,Web,Database Administrator
S0659,22,7.61,5,2,3,4,3,2,5,5,4,2,4,1,2,5,3,4,0,1,1,Business,Business Analyst
S0660,20,6.91,2,2,2,4,2,5,5,3,1,4,4,3,5,1,4,5,2,4,4,Programming,Data Analyst
S0661,26,7.68,1,5,4,5,4,2,5,1,1,3,5,3,3,3,2,5,3,2,1,Cloud,Data Scientist
S0662,21,7.87,2,2,5,2,2,2,3,4,3,5,1,2,4,1,1,2,3,0,2,Programming,Data Scientist
S0663,23,7.6,5,5,3,1,3,2,5,3,2,3,1,2,4,2,3,5,0,3,3,Web,Data Analyst
S0664,24,7.21,5,3,4,2,2,3,1,1,5,4,3,5,4,2,1,3,2,4,0,Cloud,Business Analyst
S0665,19,7.95,4,2,4,3,1,5,1,2,3,4,2,2,2,2,2,2,0,4,3,Data,Data Scientist
S0666,23,8.2,2,1,4,4,2,3,4,4,5,5,3,3,3,5,4,3,0,3,1,Database,Business Analyst
S0667,24,6.82,2,5,1,4,1,4,4,4,2,5,3,5,3,4,2,2,1,3,1,Database,Data Scientist
S0668,22,9.07,1,2,4,2,2,4,4,3,2,2,3,3,5,5,1,3,2,1,0,Security,Cybersecurity Analyst
S0669,23,7.71,1,3,1,2,1,1,4,5,2,1,2,1,4,1,4,2,1,2,1,Business,Data Analyst
S0670,25,7.82,4,3,2,2,1,1,1,1,4,3,3,1,2,3,5,4,0,4,3,Programming,Database Administrator
S0671,19,8.44,3,1,1,3,2,1,4,3,5,2,1,2,4,3,5,4,1,4,1,Business,Data Scientist
S0672,24,8.01,3,3,4,3,5,4,1,5,5,1,2,5,4,3,3,2,1,0,3,Business,Data Analyst
S0673,24,8.66,3,3,5,1,4,2,5,5,3,2,4,4,5,3,5,1,1,3,2,Database,Software Developer
S0674,24,8.06,2,2,5,2,4,2,5,5,1,5,5,1,5,4,1,2,3,3,4,Cloud,Cybersecurity Analyst
S0675,22,7.25,2,5,2,1,4,5,3,4,2,5,5,1,5,3,5,1,3,4,0,Programming,Software Developer
S0676,23,8.13,5,4,4,5,1,4,4,1,2,4,1,1,1,5,3,3,1,3,1,Cloud,Data Scientist
S0677,22,6.77,2,3,1,3,4,1,5,1,3,3,5,1,1,3,4,2,2,1,0,Security,Business Analyst
S0678,26,7.9,2,3,5,4,1,4,5,3,5,3,5,2,2,2,5,1,3,0,1,Business,Data Scientist
S0679,20,7.77,2,4,3,5,5,2,2,2,4,3,5,5,2,1,3,2,1,4,2,Web,Software Developer
S0680,20,7.61,4,3,4,4,2,2,2,3,5,2,4,1,5,5,5,4,0,5,3,Database,Data Analyst
S0681,26,7.68,2,2,4,5,2,3,1,1,4,2,5,2,3,4,5,4,3,0,0,Web,Software Developer
S0682,23,6.11,1,2,3,1,1,3,3,4,4,3,3,5,2,5,1,2,0,5,2,Cloud,Database Administrator
S0683,25,7.31,1,4,5,1,1,5,2,3,5,4,1,5,1,2,3,2,1,1,2,Cloud,Data Analyst
S0684,22,7.88,5,3,3,3,5,4,3,2,2,1,1,4,1,3,3,5,1,0,4,Web,Software Developer
S0685,19,7.94,4,3,2,4,4,3,5,3,4,2,1,3,4,3,2,4,1,5,2,Data,Business Analyst
S0686,24,6.88,1,5,1,5,5,3,1,5,3,3,4,1,5,4,2,3,0,3,4,Database,Cybersecurity Analyst
S0687,24,8.94,4,3,1,2,2,4,3,2,3,5,4,2,3,1,3,2,3,4,2,Data,Data Analyst
S0688,23,7.02,4,2,5,2,2,2,2,5,4,2,5,5,5,3,1,5,1,0,3,Database,Database Administrator
S0689,25,8.67,5,1,3,3,4,5,5,4,2,1,3,4,1,4,5,2,2,2,2,Data,Data Scientist
S0690,20,8.18,4,1,4,4,2,5,4,1,4,2,5,3,3,3,4,4,1,4,3,Database,Data Analyst
S0691,20,7.22,2,1,4,2,1,5,5,3,3,1,1,5,2,5,5,1,3,0,1,Security,Cloud Engineer
S0692,24,9.4,4,1,4,3,2,3,2,3,3,1,3,5,4,4,4,1,3,4,2,Cloud,Data Scientist
S0693,23,6.73,5,3,2,3,3,2,2,5,5,2,1,1,1,4,1,4,2,5,2,Programming,Data Scientist
S0694,22,8.63,5,3,2,4,4,5,4,5,2,1,3,3,4,4,2,3,1,0,1,Programming,Cloud Engineer
S0695,20,8.7,5,5,4,2,4,4,5,1,5,2,2,3,5,3,3,5,3,0,4,Cloud,Business Analyst
S0696,22,7.2,1,3,5,2,4,5,3,3,1,2,4,2,3,4,1,2,3,3,3,Web,Cybersecurity Analyst
S0697,25,9.05,2,1,2,2,3,1,3,1,4,4,4,4,5,5,4,2,3,0,1,Cloud,Cybersecurity Analyst
S0698,20,7.57,1,4,2,1,5,2,5,5,5,5,1,2,4,1,3,2,0,2,1,Data,Data Analyst
S0699,20,8.06,3,4,1,2,1,1,3,5,2,1,1,4,1,1,4,5,3,3,0,Data,Data Scientist
S0700,21,8.03,2,2,1,5,4,2,5,2,4,2,2,2,4,2,5,5,3,2,1,Programming,Data Scientist
S0701,20,7.68,4,2,5,1,2,4,5,5,4,1,5,4,1,5,5,4,0,5,4,Cloud,Cloud Engineer
S0702,26,8.53,5,3,2,1,1,3,2,5,4,2,3,1,4,5,5,5,1,2,4,Programming,Business Analyst
S0703,19,8.51,3,4,2,1,2,3,1,1,4,2,2,4,5,4,3,2,2,1,4,Web,Business Analyst
S0704,26,6.23,2,1,3,1,1,2,2,2,4,2,2,2,4,2,2,2,0,2,3,Business,Data Analyst
S0705,23,8.97,1,1,5,3,1,5,3,2,2,5,1,3,2,5,2,5,0,0,3,Business,Data Scientist
S0706,23,6.3,5,1,5,5,2,1,1,3,1,1,1,5,5,5,4,5,0,4,2,Business,Data Analyst
S0707,22,8.73,1,3,3,4,2,4,5,4,3,5,5,4,4,5,2,4,3,3,1,Security,Data Analyst
S0708,26,8.81,2,3,3,2,1,5,3,3,1,5,5,4,4,3,2,1,1,3,4,Database,Data Scientist
S0709,26,6.82,2,5,1,1,4,3,4,3,3,5,1,3,3,5,4,5,1,3,1,Security,Business Analyst
S0710,26,7.43,3,1,5,4,2,5,3,3,5,5,4,1,5,3,4,1,1,4,2,Web,Cloud Engineer
S0711,25,6.8,4,1,5,3,3,1,1,2,4,4,5,2,3,5,4,3,2,2,2,Data,Business Analyst
S0712,20,7.61,1,3,3,4,3,3,1,1,5,1,2,1,5,1,3,1,1,5,4,Data,Web Developer
S0713,19,7.52,3,3,4,1,1,2,5,5,5,1,1,4,1,3,4,5,2,1,1,Data,Software Developer
S0714,22,8.5,5,5,4,5,5,4,4,2,3,2,3,4,5,3,3,2,3,0,2,Programming,Software Developer
S0715,26,8.98,4,5,1,4,1,4,5,5,2,1,3,1,5,4,3,2,1,5,0,Database,Software Developer
S0716,26,9.06,3,2,4,1,1,3,4,5,4,5,4,2,4,5,3,5,2,3,3,Business,Business Analyst
S0717,21,7.29,1,4,4,1,4,2,4,4,5,3,1,4,2,2,4,4,3,0,1,Programming,Data Analyst
S0718,22,7.61,2,1,4,2,4,1,5,3,1,1,2,4,5,2,2,5,3,2,4,Security,Data Analyst
S0719,26,6.28,5,1,2,2,5,4,3,4,4,3,4,1,3,2,2,5,2,5,2,Data,Business Analyst
S0720,22,7.07,1,5,1,5,5,3,2,3,2,4,2,5,2,2,4,4,3,1,2,Data,Data Analyst
S0721,20,8.67,4,5,3,2,5,4,4,2,4,2,3,3,5,1,2,4,3,3,2,Database,Data Scientist
S0722,21,9.25,4,2,4,5,5,2,1,5,5,2,2,4,2,2,4,3,1,2,3,Business,Data Analyst
S0723,22,6.69,2,4,2,3,5,1,5,4,1,2,3,2,1,4,3,3,2,5,1,Database,Database Administrator
S0724,19,7.27,2,2,4,3,1,2,3,2,5,4,5,5,2,2,5,3,3,1,2,Web,Business Analyst
S0725,19,7.78,5,4,2,2,1,5,4,2,2,5,3,1,1,4,1,4,0,5,3,Security,Data Scientist
S0726,23,8.05,5,1,1,3,3,2,3,3,3,3,3,1,2,3,4,1,0,3,0,Business,Business Analyst
S0727,21,7.07,2,2,4,4,3,2,5,5,1,1,4,2,2,5,3,5,3,2,1,Programming,Web Developer
S0728,21,8.18,2,5,2,4,2,4,1,3,2,5,4,5,3,2,5,3,1,0,4,Security,Cloud Engineer
S0729,23,7.37,4,2,5,4,1,2,4,3,2,2,1,2,3,4,3,1,0,5,1,Business,Database Administrator
S0730,22,7.79,2,2,5,3,5,3,4,2,5,2,1,4,4,4,1,5,1,4,2,Data,Data Analyst
S0731,21,8.29,3,1,2,4,2,4,3,3,5,5,3,5,2,5,2,1,3,3,4,Data,Data Analyst
S0732,19,7.81,1,5,4,5,4,4,5,1,5,3,5,3,1,3,2,2,2,1,1,Programming,Data Scientist
S0733,19,7.41,2,5,4,1,1,5,2,5,3,5,1,3,2,2,3,2,3,1,4,Database,Data Scientist
S0734,26,7.7,5,3,1,2,3,3,4,3,4,4,3,2,5,4,1,5,3,4,1,Programming,Business Analyst
S0735,20,7.72,3,3,1,5,1,2,1,3,4,2,4,3,1,2,3,1,0,4,0,Security,Data Analyst
S0736,21,7.47,5,3,3,4,1,5,4,4,5,3,1,2,5,1,2,1,2,2,0,Cloud,Data Scientist
S0737,22,7.57,3,1,1,1,1,3,4,5,5,1,1,4,4,4,3,4,1,4,0,Data,Data Scientist
S0738,23,9.24,2,2,4,2,1,5,2,5,3,2,3,4,5,3,5,3,1,3,1,Data,Data Scientist
S0739,23,8.3,1,5,3,5,4,1,2,3,4,5,3,2,4,5,1,5,2,5,4,Cloud,Software Developer
S0740,22,7.53,5,5,1,2,3,2,5,1,3,3,2,4,4,4,2,1,1,4,0,Security,Software Developer
S0741,25,8.43,3,2,2,3,1,5,4,4,2,2,2,3,4,1,3,3,0,3,3,Web,Software Developer
S0742,24,7.5,4,5,5,4,4,1,4,1,4,1,5,4,5,5,1,5,3,0,3,Web,Cybersecurity Analyst
S0743,20,8.86,2,2,1,5,2,2,3,3,5,1,1,3,4,3,3,1,1,4,0,Data,Data Analyst
S0744,23,8.13,1,1,1,5,1,5,3,5,1,5,2,3,4,2,2,2,0,0,0,Web,Data Analyst
S0745,21,7.7,2,1,2,1,4,5,1,5,2,4,3,1,3,2,1,1,1,5,2,Database,Business Analyst
S0746,20,8.2,4,1,4,1,5,5,1,1,1,5,1,4,2,4,2,2,0,1,3,Security,Business Analyst
S0747,21,6.39,1,2,2,1,2,5,3,2,3,3,2,4,4,5,5,2,1,5,3,Web,Data Analyst
S0748,25,6.79,4,2,1,2,3,4,1,3,3,5,5,2,1,1,5,4,1,4,0,Programming,Cybersecurity Analyst
S0749,19,6.73,2,4,4,4,1,5,4,5,3,3,5,2,1,1,4,4,2,1,2,Security,Software Developer
S0750,20,7.93,3,5,3,2,1,4,2,2,5,4,5,5,3,3,1,3,2,5,4,Cloud,Business Analyst
S0751,26,9.36,2,5,1,4,4,4,4,5,3,5,5,3,5,5,5,5,0,0,2,Data,Business Analyst
S0752,23,9.81,2,4,2,5,3,1,3,5,1,1,3,1,5,5,4,3,2,1,2,Security,Data Analyst
S0753,20,8.37,2,4,3,2,5,2,5,2,2,3,5,3,5,2,1,4,3,0,3,Web,Cloud Engineer
S0754,20,8.25,5,1,5,2,2,4,5,1,5,3,4,4,4,3,2,3,2,2,0,Security,Data Analyst
S0755,20,6.18,4,4,3,2,3,3,3,3,2,1,5,5,5,3,3,5,0,5,0,Business,Database Administrator
S0756,24,7.31,4,2,2,3,1,4,4,2,3,5,2,3,5,3,3,5,2,5,0,Cloud,Data Scientist
S0757,20,7.09,4,3,3,4,4,3,1,2,4,4,1,5,2,5,2,1,0,0,2,Business,Web Developer
S0758,21,7.24,5,2,2,4,5,1,1,5,5,2,2,3,4,2,5,3,3,2,2,Security,Cybersecurity Analyst
S0759,19,7.65,3,4,1,2,4,3,5,2,3,5,1,4,4,3,3,4,0,1,1,Cloud,Data Scientist
S0760,25,7.38,2,5,4,3,2,1,3,3,5,5,3,4,1,2,2,1,0,0,4,Cloud,Data Scientist
S0761,22,6.02,3,2,5,2,3,1,3,1,4,3,1,3,1,3,4,3,3,2,1,Security,Software Developer
S0762,20,8.47,5,5,4,4,4,1,2,1,1,3,4,1,2,5,4,5,3,0,4,Data,Web Developer
S0763,23,6.83,4,2,4,5,4,3,5,1,1,4,5,4,3,2,2,4,0,3,1,Database,Business Analyst
S0764,20,8.02,2,5,4,3,1,3,3,3,1,4,2,2,4,4,1,3,1,5,1,Data,Business Analyst
S0765,23,9.67,1,2,2,3,4,1,2,5,4,4,1,1,1,3,5,5,1,3,1,Web,Cybersecurity Analyst
S0766,21,6.97,1,5,2,2,5,1,1,3,2,1,2,3,5,5,5,5,0,1,1,Business,Business Analyst
S0767,23,5.52,3,3,5,5,3,2,5,2,4,2,5,1,4,2,2,3,2,3,2,Security,Data Analyst
S0768,26,7.54,4,1,2,4,2,1,5,4,4,2,3,2,4,1,3,3,0,5,4,Business,Business Analyst
S0769,22,8.79,1,2,2,1,4,5,3,4,3,4,5,4,4,5,5,4,0,4,1,Business,Software Developer
S0770,19,9.56,3,3,2,4,5,2,3,4,1,3,3,4,1,5,5,1,2,2,1,Security,Data Analyst
S0771,23,6.69,5,1,2,4,2,2,4,1,5,2,2,4,2,1,4,5,3,5,0,Programming,Web Developer
S0772,23,8.25,3,2,1,5,5,2,1,3,2,5,3,2,1,1,4,1,0,5,2,Data,Data Scientist
S0773,19,7.38,3,3,5,3,4,5,1,3,5,1,3,1,5,4,4,1,1,4,3,Cloud,Cybersecurity Analyst
S0774,22,7.7,3,3,2,4,4,2,2,1,3,3,3,3,5,4,5,5,3,3,0,Programming,Business Analyst
S0775,20,10.0,2,3,5,3,3,2,2,2,3,1,3,3,3,4,5,3,3,1,3,Security,Cloud Engineer
S0776,23,6.45,3,4,3,5,1,3,4,4,2,5,3,1,1,5,5,5,0,4,1,Programming,Data Scientist
S0777,19,8.03,3,5,1,5,5,3,1,4,5,2,1,4,1,5,3,1,1,5,4,Data,Data Scientist
S0778,26,8.22,2,1,2,2,1,1,2,1,2,1,3,3,3,5,3,4,2,1,3,Security,Business Analyst
S0779,26,8.78,2,5,1,1,1,1,1,4,2,1,3,4,3,4,3,5,2,0,3,Business,Business Analyst
S0780,21,7.89,5,5,1,5,2,4,1,5,1,1,5,5,4,2,1,4,2,5,3,Business,Business Analyst
S0781,19,8.08,4,5,3,5,2,5,2,3,5,5,5,5,4,5,5,3,1,4,4,Data,Data Analyst
S0782,21,7.45,1,3,5,3,5,3,3,4,1,3,5,3,5,5,5,3,3,0,0,Programming,Business Analyst
S0783,26,8.04,1,5,1,5,1,1,3,4,1,3,3,1,2,5,2,4,3,4,2,Web,Data Scientist
S0784,22,7.49,3,4,4,4,3,5,2,5,1,5,5,1,5,4,2,4,0,2,4,Database,Business Analyst
S0785,20,8.36,5,2,3,2,1,2,4,2,4,1,1,1,1,3,1,5,3,1,0,Cloud,Data Scientist
S0786,19,7.47,3,3,4,2,2,5,5,2,3,1,2,4,2,4,2,3,3,0,1,Cloud,Cybersecurity Analyst
S0787,25,8.14,1,1,3,4,1,3,1,5,3,4,5,5,4,3,3,4,2,3,0,Database,Web Developer
S0788,26,7.77,2,2,4,5,4,4,5,2,4,2,5,4,3,4,1,2,2,4,3,Database,Data Scientist
S0789,26,8.81,4,2,4,1,4,3,2,1,2,2,1,2,3,2,1,5,2,5,0,Web,Database Administrator
S0790,25,7.75,5,2,1,5,3,1,1,5,5,3,4,2,5,2,1,5,3,0,0,Web,Data Scientist
S0791,24,6.2,2,5,1,2,5,1,5,3,5,5,4,3,1,5,4,2,0,4,1,Web,Data Scientist
S0792,26,8.94,4,5,3,1,1,5,3,3,5,1,1,2,1,4,2,3,3,4,1,Data,Data Analyst
S0793,23,6.98,5,3,5,3,4,3,4,3,1,2,5,1,3,3,5,4,0,4,0,Security,Data Analyst
S0794,22,7.21,5,5,1,3,5,1,5,4,5,5,2,3,5,3,4,4,3,0,4,Web,Data Scientist
S0795,19,7.26,1,5,1,5,4,2,4,5,5,5,5,5,5,2,3,3,1,0,1,Data,Cybersecurity Analyst
S0796,25,9.04,2,5,2,5,5,2,3,5,5,1,1,5,4,5,4,2,3,4,3,Business,Cloud Engineer
S0797,23,5.88,5,3,1,1,5,4,5,2,3,5,1,2,4,3,3,2,1,3,4,Programming,Data Scientist
S0798,25,10.0,5,3,5,1,4,5,2,5,4,2,3,2,4,4,5,2,0,5,0,Programming,Database Administrator
S0799,19,8.75,4,4,2,5,2,1,1,5,2,4,1,5,2,5,5,5,3,1,3,Web,Software Developer
S0800,21,8.0,1,4,4,2,5,4,3,2,4,2,3,2,5,4,2,4,3,4,3,Programming,Business Analyst
S0801,19,7.75,3,4,4,3,1,2,4,5,5,4,1,2,5,4,4,1,0,3,4,Web,Data Analyst
S0802,24,8.06,1,4,2,1,4,4,4,5,2,5,3,4,4,2,5,5,2,1,0,Programming,Data Scientist
S0803,19,8.27,3,2,2,2,2,4,3,1,2,2,3,5,3,4,3,5,2,4,3,Programming,Cloud Engineer
S0804,19,8.38,2,2,2,5,4,1,2,2,4,1,5,5,4,1,5,4,1,1,1,Security,Cybersecurity Analyst
S0805,24,8.3,2,4,3,4,3,1,2,1,4,5,3,2,2,5,2,3,3,4,1,Database,Data Scientist
S0806,22,7.88,5,4,5,1,1,1,4,4,4,1,4,1,3,1,3,4,2,0,4,Security,Business Analyst
S0807,26,7.62,2,1,5,4,3,5,3,2,4,4,1,4,5,4,1,3,0,4,1,Programming,Cybersecurity Analyst
S0808,19,7.66,5,2,4,2,5,4,3,5,1,3,2,1,2,4,2,4,0,4,2,Security,Database Administrator
S0809,24,7.62,1,1,4,3,5,4,1,5,3,3,1,2,2,2,2,5,3,4,0,Web,Data Analyst
S0810,23,8.82,2,1,4,2,3,5,4,1,3,4,5,5,3,2,1,2,1,4,3,Cloud,Software Developer
S0811,21,8.33,1,5,1,3,3,2,2,1,5,3,5,1,4,2,5,5,0,3,3,Web,Database Administrator
S0812,21,5.15,1,3,4,2,5,3,5,4,1,5,3,3,4,2,2,5,3,2,4,Security,Data Scientist
S0813,19,8.39,2,2,2,1,2,2,2,4,2,5,5,1,1,3,1,1,1,3,4,Data,Software Developer
S0814,22,7.98,1,4,4,1,1,5,2,5,4,2,5,5,3,2,1,5,2,3,3,Database,Data Analyst
S0815,22,7.78,2,4,2,4,4,4,5,3,5,5,1,2,4,4,2,5,3,0,1,Programming,Cybersecurity Analyst
S0816,23,7.45,2,3,3,2,3,4,4,4,2,3,4,1,2,4,4,5,1,4,4,Security,Cybersecurity Analyst
S0817,19,8.81,2,2,1,2,1,1,1,5,3,1,4,2,4,5,2,1,0,3,2,Business,Data Scientist
S0818,21,8.65,3,4,1,4,4,1,2,4,2,2,3,4,4,1,4,3,2,1,4,Business,Data Analyst
S0819,22,7.1,1,4,5,5,4,4,2,2,4,1,5,3,2,3,5,1,0,4,1,Database,Web Developer
S0820,19,8.17,4,5,3,2,3,4,4,1,4,3,5,5,3,3,1,2,0,0,0,Database,Software Developer
S0821,25,6.93,2,1,2,2,2,1,4,5,3,1,4,5,1,5,3,3,2,5,2,Security,Software Developer
S0822,22,6.56,1,4,3,2,2,1,3,4,4,3,3,2,4,5,2,1,3,5,4,Security,Cloud Engineer
S0823,24,7.24,5,2,1,5,1,2,4,1,1,5,5,3,4,2,3,2,3,0,0,Business,Data Scientist
S0824,25,8.58,2,3,2,1,1,4,4,3,5,2,3,5,4,5,5,2,3,1,0,Database,Software Developer
S0825,26,8.66,2,5,3,4,5,4,2,4,3,4,1,1,3,3,2,4,0,5,3,Web,Data Scientist
S0826,22,8.26,4,2,1,5,2,5,1,5,3,3,5,5,2,1,3,4,0,0,1,Database,Business Analyst
S0827,21,8.45,3,5,2,3,1,2,2,2,2,5,5,1,2,1,5,5,3,5,3,Programming,Software Developer
S0828,20,8.26,3,1,2,3,5,3,4,1,3,1,5,5,2,3,4,3,3,4,1,Cloud,Data Scientist
S0829,25,7.22,2,4,1,5,4,3,3,1,5,5,4,1,2,2,5,1,2,2,0,Business,Data Scientist
S0830,26,8.19,1,2,2,5,1,3,1,2,1,1,4,4,2,1,2,5,0,2,4,Business,Data Analyst
S0831,23,8.52,5,3,1,1,5,1,3,5,2,1,5,2,2,1,2,3,1,3,1,Business,Web Developer
S0832,23,8.48,5,1,4,3,2,3,5,3,5,1,5,4,4,2,2,4,3,0,1,Database,Business Analyst
S0833,21,8.87,1,1,4,4,4,5,3,2,3,1,1,1,4,1,5,1,3,4,0,Database,Data Analyst
S0834,22,8.44,2,5,2,2,1,1,3,3,4,2,1,2,2,4,2,2,0,1,2,Security,Cloud Engineer
S0835,19,8.12,5,1,2,2,2,1,4,5,4,1,3,3,2,3,5,2,3,1,0,Database,Business Analyst
S0836,22,8.76,3,2,1,1,4,3,4,4,5,2,3,1,3,1,1,5,3,4,0,Data,Business Analyst
S0837,21,7.78,1,5,2,1,3,1,4,4,1,4,4,5,3,1,1,5,0,4,1,Business,Cloud Engineer
S0838,23,7.01,4,1,5,3,2,2,4,5,4,2,2,5,5,2,1,1,3,1,0,Programming,Data Analyst
S0839,22,7.65,2,3,4,4,3,2,4,3,5,1,1,3,4,1,3,2,2,0,3,Database,Cybersecurity Analyst
S0840,23,7.13,1,2,2,4,1,3,3,2,2,4,3,4,2,2,1,5,1,5,0,Database,Business Analyst
S0841,25,7.19,5,3,2,5,5,5,5,5,3,5,1,1,4,3,1,2,0,3,4,Cloud,Cloud Engineer
S0842,26,7.67,2,3,3,1,1,1,4,5,1,2,1,5,5,4,5,4,2,3,0,Business,Database Administrator
S0843,19,7.09,3,5,2,2,2,4,5,4,1,5,2,2,3,5,5,5,0,3,0,Data,Data Scientist
S0844,25,7.52,2,4,5,2,3,3,5,2,2,4,1,3,5,3,2,3,0,4,4,Business,Web Developer
S0845,23,6.1,2,5,4,3,3,1,2,4,1,2,2,4,1,1,2,5,0,1,2,Database,Web Developer
S0846,23,7.99,3,2,3,2,4,3,2,3,5,1,2,4,3,4,2,4,1,1,2,Cloud,Data Scientist
S0847,20,7.8,3,2,1,4,1,3,1,3,1,2,1,2,4,5,5,1,2,1,2,Cloud,Software Developer
S0848,20,7.06,2,5,1,4,1,5,2,1,1,1,1,2,3,5,5,2,1,5,3,Business,Business Analyst
S0849,25,8.39,3,4,4,1,2,4,4,5,1,3,3,3,5,1,1,1,0,1,4,Database,Software Developer
S0850,24,8.64,1,5,1,3,3,1,5,2,5,2,1,2,2,5,4,5,3,1,3,Programming,Software Developer
S0851,25,6.35,3,2,5,2,2,3,1,2,3,2,1,5,5,5,5,3,1,2,3,Web,Data Scientist
S0852,20,7.11,3,4,2,1,2,3,2,4,4,5,1,4,5,3,4,1,3,5,3,Data,Database Administrator
S0853,23,7.11,2,2,4,5,3,1,3,4,1,5,3,2,2,3,5,3,0,4,4,Business,Data Scientist
S0854,21,6.95,1,4,3,5,2,3,1,2,2,4,2,1,4,5,5,5,3,5,1,Security,Data Scientist
S0855,25,8.55,4,4,2,2,3,3,4,4,2,1,3,2,4,2,3,3,1,4,1,Cloud,Database Administrator
S0856,23,7.63,4,5,1,2,2,3,5,1,5,5,1,4,3,1,4,3,2,2,2,Data,Data Scientist
S0857,21,7.56,5,5,1,2,5,2,4,5,3,4,5,5,5,2,3,4,3,3,3,Programming,Data Scientist
S0858,21,6.0,3,5,3,4,2,2,4,1,1,1,1,2,3,2,1,1,1,0,2,Data,Cloud Engineer
S0859,20,8.37,3,4,5,2,2,4,3,3,5,1,3,5,2,5,3,5,2,5,3,Security,Data Analyst
S0860,25,6.68,1,4,3,5,5,5,3,2,4,1,3,1,1,1,3,4,0,4,2,Security,Business Analyst
S0861,22,7.85,4,2,4,2,1,1,5,1,3,3,4,4,4,2,1,3,2,4,0,Programming,Data Analyst
S0862,19,8.05,5,3,3,3,3,5,2,1,3,1,5,3,2,3,4,4,0,2,4,Data,Data Analyst
S0863,20,9.02,1,5,1,5,4,5,4,4,5,4,3,4,4,3,2,4,1,4,3,Business,Data Scientist
S0864,20,6.62,3,2,5,3,5,2,2,4,2,1,2,3,3,1,5,3,1,4,3,Web,Data Scientist
S0865,22,5.08,4,2,5,5,1,4,5,4,3,1,1,3,1,2,4,5,2,3,3,Web,Web Developer
S0866,19,7.97,5,1,3,1,2,5,4,3,2,4,2,4,5,4,1,2,1,2,4,Business,Business Analyst
S0867,23,9.42,2,5,4,5,1,5,2,1,3,2,3,3,4,4,3,4,1,5,0,Cloud,Database Administrator
S0868,24,8.92,4,2,1,5,5,3,4,5,3,1,3,5,5,1,2,1,0,4,1,Business,Cloud Engineer
S0869,25,7.99,5,1,2,3,2,1,3,4,3,4,2,1,3,1,3,3,1,1,4,Database,Data Scientist
S0870,24,7.36,1,5,5,3,1,4,3,3,4,5,2,2,4,4,5,2,3,2,0,Cloud,Business Analyst
S0871,23,8.53,2,4,3,5,4,1,1,3,2,4,4,3,3,2,1,4,0,3,2,Data,Web Developer
S0872,26,6.92,5,1,4,5,3,2,5,4,4,3,1,3,5,2,2,3,3,5,3,Business,Business Analyst
S0873,20,8.23,5,4,4,4,3,5,2,2,2,5,2,4,3,5,4,3,2,0,3,Database,Cloud Engineer
S0874,19,8.25,3,3,1,1,5,5,4,1,4,2,1,5,3,1,4,4,3,4,1,Cloud,Software Developer
S0875,20,8.75,4,3,5,1,2,1,1,4,4,2,5,2,3,2,1,1,1,1,2,Security,Data Analyst
S0876,21,10.0,3,3,1,2,2,2,5,5,4,4,3,3,2,4,1,3,2,1,0,Programming,Data Scientist
S0877,20,8.15,2,3,2,5,3,3,5,1,5,4,2,5,2,4,3,3,1,0,2,Cloud,Data Scientist
S0878,20,7.34,5,2,2,5,1,3,5,3,4,1,5,2,4,3,2,4,2,2,2,Business,Data Analyst
S0879,23,7.78,3,3,2,5,2,5,2,5,3,1,3,4,3,2,5,2,2,3,1,Web,Cybersecurity Analyst
S0880,23,6.21,4,2,4,5,4,5,3,1,1,3,4,3,3,5,1,3,0,4,0,Business,Data Scientist
S0881,23,7.17,2,2,5,1,4,4,1,5,4,1,3,4,3,5,2,3,3,4,1,Security,Data Analyst
S0882,24,7.43,1,5,1,3,2,1,2,3,1,4,2,4,2,1,1,4,1,5,0,Database,Data Analyst
S0883,21,7.33,3,2,1,4,2,5,4,4,1,4,5,3,5,3,1,3,2,4,4,Web,Business Analyst
S0884,26,7.94,2,2,2,3,3,2,2,5,3,1,5,5,3,4,4,4,0,1,4,Cloud,Business Analyst
S0885,26,7.06,1,3,5,3,5,1,4,4,1,3,5,5,1,4,2,1,2,2,3,Business,Data Analyst
S0886,23,8.81,3,2,5,1,3,4,4,3,1,4,3,4,4,1,4,4,3,0,1,Cloud,Data Scientist
S0887,19,7.8,2,4,3,4,5,3,5,3,1,3,1,4,2,5,4,2,2,2,4,Database,Software Developer
S0888,24,7.79,2,3,5,5,4,4,2,5,2,4,1,1,5,5,2,3,3,3,2,Security,Database Administrator
S0889,22,7.5,3,1,5,1,5,1,3,5,4,3,3,2,1,4,4,1,2,3,2,Web,Data Scientist
S0890,19,7.94,2,3,1,1,3,3,4,3,4,3,2,4,3,1,3,3,3,0,4,Programming,Business Analyst
S0891,25,8.54,5,2,5,4,2,2,5,5,1,3,3,4,2,2,5,3,1,1,1,Programming,Cloud Engineer
S0892,25,7.02,3,4,5,2,5,3,3,5,3,1,1,2,3,3,5,4,3,5,3,Database,Data Scientist
S0893,19,7.21,2,3,1,1,3,3,2,5,2,2,3,3,4,5,3,3,3,0,2,Security,Cloud Engineer
S0894,23,7.53,1,4,5,3,4,2,3,5,3,3,5,5,2,5,1,1,1,5,3,Business,Business Analyst
S0895,22,6.59,1,1,1,3,5,5,2,1,3,3,2,3,1,5,4,5,3,3,2,Cloud,Database Administrator
S0896,22,7.06,5,1,3,5,4,5,4,3,1,4,2,2,5,2,5,3,2,1,0,Business,Cybersecurity Analyst
S0897,24,7.37,3,5,4,1,4,3,1,3,5,2,4,2,5,2,2,4,2,2,4,Security,Cybersecurity Analyst
S0898,22,8.59,2,5,1,5,1,3,1,2,1,4,3,1,4,3,1,2,2,3,1,Web,Web Developer
S0899,25,8.04,2,3,1,1,5,4,4,4,5,4,5,1,5,5,5,3,1,1,2,Programming,Data Analyst
S0900,21,7.97,1,5,5,4,3,5,3,2,2,3,3,5,5,4,4,4,3,1,4,Cloud,Data Scientist
S0901,23,8.57,5,4,1,1,5,2,2,5,5,5,4,4,4,5,5,3,3,4,3,Web,Cybersecurity Analyst
S0902,22,7.68,1,5,2,2,5,3,1,5,1,2,4,2,1,3,4,5,2,2,1,Programming,Software Developer
S0903,24,8.15,1,4,2,3,4,3,2,1,1,4,3,1,2,3,1,5,3,1,1,Programming,Data Scientist
S0904,25,7.71,5,5,3,4,4,4,4,1,3,5,3,3,2,4,3,1,2,0,4,Data,Cybersecurity Analyst
S0905,21,8.04,3,5,1,3,4,4,3,1,1,5,3,1,4,2,4,5,2,5,4,Cloud,Database Administrator
S0906,20,7.28,2,5,5,5,4,4,2,1,1,4,1,3,3,4,4,4,2,2,4,Security,Database Administrator
S0907,20,5.61,3,2,5,4,3,1,3,1,4,3,4,1,4,3,1,5,1,2,0,Data,Business Analyst
S0908,21,7.68,4,2,4,2,2,2,1,1,4,1,2,3,4,4,1,4,0,3,0,Programming,Data Scientist
S0909,25,9.08,4,5,3,3,1,1,2,1,3,4,1,1,4,5,2,3,0,2,1,Cloud,Business Analyst
S0910,24,8.63,4,4,5,1,4,3,5,1,5,3,5,1,4,3,1,1,3,2,4,Database,Cloud Engineer
S0911,21,8.67,5,3,4,1,4,4,1,1,5,2,2,5,5,2,5,1,2,4,0,Database,Cybersecurity Analyst
S0912,23,8.91,1,1,5,1,1,4,3,3,4,3,2,4,5,2,4,5,0,2,1,Cloud,Data Analyst
S0913,23,7.88,3,2,4,4,4,4,4,1,2,5,2,2,1,4,3,2,0,5,2,Data,Database Administrator
S0914,20,7.98,2,5,2,2,2,5,5,4,4,2,4,4,4,4,1,5,3,5,4,Web,Web Developer
S0915,22,7.24,4,1,2,2,5,2,2,1,2,2,5,5,2,4,4,2,1,5,0,Web,Business Analyst
S0916,24,7.52,3,2,5,2,1,1,1,5,5,1,1,3,3,5,3,5,3,1,1,Database,Data Analyst
S0917,20,8.35,4,3,3,3,3,2,2,5,4,1,5,4,5,2,2,4,3,0,4,Security,Data Scientist
S0918,22,8.88,4,4,1,4,1,4,2,1,1,4,1,2,2,3,5,4,2,5,1,Cloud,Database Administrator
S0919,22,7.67,2,5,3,1,2,3,5,1,2,3,4,2,5,3,2,2,1,4,2,Business,Business Analyst
S0920,26,7.39,5,3,3,3,3,5,5,5,2,4,5,3,1,2,1,1,3,4,1,Data,Cloud Engineer
S0921,23,7.8,1,2,1,2,5,2,5,4,2,1,2,2,3,4,5,2,0,4,1,Programming,Data Scientist
S0922,25,8.34,5,5,2,1,4,3,5,2,5,5,5,5,5,1,2,3,0,4,2,Web,Software Developer
S0923,19,6.5,3,1,2,4,1,4,4,3,3,1,4,4,3,4,4,1,3,3,3,Data,Data Analyst
S0924,25,5.73,5,4,1,5,3,4,3,5,1,3,4,2,3,2,1,2,2,4,4,Security,Data Scientist
S0925,19,7.3,3,2,4,2,1,4,5,1,4,5,4,4,2,5,2,3,2,3,2,Security,Data Scientist
S0926,21,6.7,3,4,3,2,5,4,1,3,2,4,1,1,5,4,5,3,3,3,2,Business,Cybersecurity Analyst
S0927,23,7.34,1,5,5,2,1,5,2,1,5,4,5,4,3,3,5,5,1,2,4,Cloud,Data Analyst
S0928,22,7.67,2,3,2,2,3,5,5,2,2,1,2,3,4,5,3,2,2,0,1,Security,Database Administrator
S0929,24,7.39,1,4,5,1,2,2,1,2,4,1,2,5,3,2,5,4,0,2,0,Security,Database Administrator
S0930,19,9.11,5,1,1,4,3,4,4,5,1,4,3,2,3,1,5,5,1,3,4,Business,Data Analyst
S0931,25,8.09,3,2,5,3,1,5,1,3,2,4,4,5,5,4,1,1,3,2,2,Business,Business Analyst
S0932,22,8.07,4,1,5,1,5,3,1,3,5,2,2,4,4,5,5,4,1,1,1,Web,Web Developer
S0933,19,8.36,4,4,3,4,4,5,4,2,5,3,4,2,3,5,3,3,2,4,3,Web,Data Scientist
S0934,19,6.78,3,3,1,3,4,5,4,1,3,2,2,5,5,3,5,1,2,4,1,Security,Business Analyst
S0935,26,8.74,1,3,5,2,5,2,2,5,5,2,5,3,5,4,3,5,0,3,0,Database,Data Scientist
S0936,19,7.73,2,1,2,4,1,5,5,4,3,4,3,1,3,1,4,3,3,2,1,Business,Cloud Engineer
S0937,24,8.4,1,5,1,2,5,3,1,2,1,3,4,1,1,5,3,3,1,1,0,Database,Web Developer
S0938,23,6.84,3,5,2,4,1,4,3,2,4,4,1,3,1,3,1,3,1,1,3,Cloud,Business Analyst
S0939,24,6.4,3,3,4,5,3,1,3,5,3,2,1,1,2,4,2,4,1,5,3,Web,Web Developer
S0940,20,8.54,2,1,5,2,2,2,2,1,2,2,2,3,1,4,2,5,1,1,1,Web,Business Analyst
S0941,22,8.14,5,1,1,2,1,3,3,3,2,4,5,4,1,1,4,5,0,3,4,Business,Web Developer
S0942,23,6.99,5,1,2,2,4,2,2,2,4,1,4,3,5,3,1,4,0,5,4,Database,Software Developer
S0943,26,7.02,2,4,5,1,4,4,5,5,5,1,3,1,5,1,4,5,0,2,4,Security,Data Analyst
S0944,23,8.81,5,5,3,3,2,5,2,5,2,4,5,4,3,5,4,3,2,1,3,Cloud,Business Analyst
S0945,23,6.73,4,5,2,2,1,5,4,5,3,5,2,3,3,2,5,3,0,1,0,Database,Data Scientist
S0946,25,9.28,5,4,2,2,2,3,4,3,4,5,5,3,5,2,5,3,0,2,2,Database,Data Analyst
S0947,23,6.99,5,2,4,1,3,4,4,2,2,1,3,4,3,1,1,5,3,2,1,Security,Data Scientist
S0948,26,8.37,5,4,3,1,2,1,4,5,5,3,5,2,5,1,2,2,3,4,0,Programming,Software Developer
S0949,24,7.5,4,1,4,5,3,1,4,3,5,2,4,1,1,2,3,1,3,0,2,Programming,Business Analyst
S0950,23,8.34,5,4,3,4,4,5,4,1,2,3,2,2,3,5,5,2,3,0,3,Database,Data Analyst
S0951,21,7.31,4,1,2,2,3,4,4,4,4,1,3,4,1,1,1,4,0,1,2,Business,Web Developer
S0952,22,7.65,2,3,4,4,1,4,4,2,1,4,2,4,2,5,1,2,0,2,3,Cloud,Cybersecurity Analyst
S0953,23,7.84,1,1,5,1,1,3,4,3,2,5,4,5,3,5,2,2,2,4,3,Programming,Data Analyst
S0954,22,6.9,2,5,3,1,1,1,5,4,5,1,3,5,5,3,1,4,1,3,0,Business,Data Analyst
S0955,21,8.47,1,4,2,5,1,3,4,4,1,3,3,4,5,5,1,2,1,0,4,Cloud,Data Scientist
S0956,21,7.34,2,1,1,3,5,2,2,3,4,3,2,5,2,4,2,1,3,5,4,Programming,Software Developer
S0957,22,7.59,1,2,3,1,3,4,5,3,5,1,5,3,5,2,5,5,2,0,0,Data,Data Analyst
S0958,19,6.91,1,3,3,2,1,1,3,3,4,2,5,2,1,2,2,4,0,2,1,Web,Software Developer
S0959,20,5.49,3,2,5,5,2,3,1,5,2,3,1,4,5,1,4,2,1,3,3,Business,Business Analyst
S0960,25,7.63,1,2,3,3,2,5,5,1,4,2,1,3,2,1,5,3,3,0,1,Database,Software Developer
S0961,19,9.97,1,2,3,5,5,2,4,5,5,2,3,1,4,3,4,3,3,4,3,Security,Business Analyst
S0962,19,8.51,3,3,5,1,3,3,5,4,2,4,2,1,4,3,1,4,1,0,3,Cloud,Software Developer
S0963,24,7.78,5,3,5,3,3,5,1,4,5,1,3,5,1,4,4,3,1,2,4,Programming,Business Analyst
S0964,25,7.56,5,3,4,4,3,1,1,4,5,1,2,5,4,1,2,1,1,2,4,Database,Cybersecurity Analyst
S0965,25,7.82,3,3,2,3,5,1,4,3,1,2,4,3,5,2,2,2,0,5,3,Data,Web Developer
S0966,19,8.29,4,2,2,2,3,2,4,2,3,4,1,1,2,4,3,1,1,5,4,Programming,Software Developer
S0967,23,6.74,1,5,4,4,3,5,2,5,4,3,3,4,1,1,1,1,2,3,4,Data,Data Analyst
S0968,24,8.8,1,5,2,4,1,4,1,2,4,3,4,2,4,4,2,5,2,0,2,Security,Business Analyst
S0969,24,8.44,3,3,3,2,3,1,4,1,1,1,5,5,5,5,5,2,1,3,2,Web,Cloud Engineer
S0970,21,8.45,3,4,4,4,1,4,1,1,4,2,1,3,5,5,2,4,0,0,3,Database,Cloud Engineer
S0971,26,8.19,4,1,4,1,1,4,2,5,1,4,2,5,3,4,5,3,3,1,4,Web,Data Analyst
S0972,25,7.82,5,4,2,3,3,3,3,4,4,4,5,3,3,1,1,5,1,0,2,Data,Data Scientist
S0973,19,8.41,2,4,1,3,2,3,1,1,4,3,5,1,2,5,3,1,1,2,1,Business,Business Analyst
S0974,21,8.33,5,4,2,2,4,1,2,2,5,3,4,5,1,5,3,3,1,2,3,Database,Data Analyst
S0975,22,7.48,1,5,1,1,2,4,2,2,1,5,3,3,4,4,4,2,2,1,3,Programming,Database Administrator
S0976,20,7.28,3,1,4,4,3,3,2,3,4,5,3,3,4,5,2,1,2,0,1,Web,Business Analyst
S0977,26,7.89,4,4,1,3,3,5,5,4,3,2,4,5,5,2,1,1,3,0,3,Programming,Data Scientist
S0978,26,9.19,5,3,3,3,2,5,4,3,1,5,5,2,4,5,4,2,0,2,4,Cloud,Cloud Engineer
S0979,26,6.68,4,5,5,3,3,5,1,5,1,4,1,4,2,4,1,4,1,1,2,Programming,Data Scientist
S0980,24,6.48,5,3,1,3,1,5,5,1,1,5,5,1,3,5,1,5,1,2,0,Business,Data Analyst
S0981,22,7.95,1,3,5,5,5,4,1,3,5,1,4,5,5,5,4,2,1,1,2,Cloud,Cloud Engineer
S0982,26,7.85,2,4,3,2,3,5,5,3,1,1,5,5,1,3,1,3,3,2,1,Cloud,Data Analyst
S0983,22,7.96,4,3,5,4,3,4,4,5,5,3,5,2,5,4,4,3,1,4,0,Web,Data Scientist
S0984,23,8.02,4,1,3,4,2,1,2,2,3,3,5,1,4,4,2,1,2,0,4,Cloud,Business Analyst
S0985,26,7.6,2,3,5,2,1,1,1,2,2,2,5,5,2,3,4,5,0,3,4,Programming,Cloud Engineer
S0986,20,9.14,4,4,5,1,2,5,2,5,5,1,1,2,1,3,2,4,2,4,2,Database,Software Developer
S0987,22,6.36,4,3,2,2,2,5,4,2,4,2,2,4,5,2,3,4,1,2,3,Security,Cloud Engineer
S0988,22,7.05,5,5,1,3,3,5,1,5,1,2,2,3,4,5,4,3,3,1,3,Business,Database Administrator
S0989,20,7.71,5,5,5,3,1,1,3,2,2,5,3,4,5,1,3,4,2,3,1,Programming,Software Developer
S0990,26,6.32,2,5,4,2,3,3,3,5,5,3,2,4,1,1,4,3,0,1,3,Data,Data Scientist
S0991,20,7.64,1,2,2,2,3,1,3,2,4,2,2,4,4,3,1,5,3,5,4,Database,Database Administrator
S0992,22,9.3,4,5,1,4,3,5,4,3,2,2,2,4,3,4,3,1,1,1,0,Data,Cybersecurity Analyst
S0993,20,7.82,1,5,2,4,3,3,3,3,3,3,5,3,1,4,5,3,1,5,2,Programming,Cybersecurity Analyst
S0994,22,8.01,2,2,1,5,5,3,1,2,5,3,5,1,3,2,5,5,3,5,2,Data,Business Analyst
S0995,22,6.67,2,5,3,5,4,2,3,5,5,1,1,1,3,1,5,3,2,0,2,Security,Software Developer
S0996,23,7.25,5,4,5,3,1,4,1,3,3,3,5,2,4,4,3,2,2,2,3,Data,Software Developer
S0997,19,7.46,4,5,4,5,5,5,4,1,5,5,5,2,5,2,2,3,3,0,0,Web,Data Analyst
S0998,22,7.51,3,5,2,5,4,4,2,2,1,1,2,5,5,2,4,5,2,5,3,Database,Software Developer
S0999,26,8.95,2,2,2,1,4,2,5,1,5,2,1,4,2,3,1,4,0,1,3,Database,Data Analyst
S1000,21,8.3,4,4,2,2,4,4,3,1,1,5,1,4,1,1,1,3,3,0,4,Database,Cloud Engineer
S1001,24,6.8,1,3,2,4,5,5,5,4,5,5,2,3,1,2,3,1,0,4,4,Security,Cloud Engineer
S1002,25,8.02,5,1,5,5,1,2,2,1,4,1,2,4,4,2,5,5,3,5,3,Database,Data Scientist
S1003,19,8.25,1,4,1,4,2,4,4,1,4,2,1,3,4,2,1,4,0,1,1,Web,Database Administrator
S1004,19,8.83,2,3,5,5,4,1,4,4,2,1,4,5,2,1,1,5,1,1,1,Web,Data Scientist
S1005,19,9.22,2,4,3,5,2,3,2,4,4,4,2,2,2,3,2,3,1,4,1,Database,Data Analyst
S1006,23,6.89,1,3,5,3,2,2,5,4,3,4,2,2,3,5,1,2,2,1,3,Security,Cloud Engineer
S1007,22,7.07,2,3,5,1,3,1,3,5,2,1,1,5,2,4,1,2,3,3,0,Business,Data Analyst
S1008,23,6.67,4,4,3,2,2,5,1,4,4,2,4,5,5,1,4,1,1,3,1,Web,Software Developer
S1009,22,7.59,2,2,5,2,3,3,4,5,1,2,4,4,3,1,1,1,3,2,4,Data,Database Administrator
S1010,26,8.22,5,4,1,3,1,2,2,2,5,3,3,2,2,1,4,4,3,2,2,Programming,Data Scientist
S1011,23,8.69,4,4,4,3,1,3,5,5,4,5,4,1,5,5,5,2,0,0,2,Security,Data Scientist
S1012,23,7.73,3,3,3,2,3,2,3,2,1,1,2,5,5,4,2,3,1,0,3,Database,Database Administrator
S1013,24,7.51,2,1,2,2,1,2,5,4,2,5,5,2,3,4,1,5,2,4,2,Programming,Business Analyst
S1014,21,7.94,2,3,1,1,4,4,3,4,5,5,1,2,3,2,2,5,2,4,3,Security,Data Scientist
S1015,23,7.05,5,5,4,5,1,3,1,2,4,4,2,3,5,2,2,2,2,5,2,Security,Software Developer
S1016,24,9.68,5,4,1,1,3,3,1,3,2,4,1,2,4,3,2,2,3,1,0,Web,Data Analyst
S1017,20,6.35,1,4,1,2,4,1,2,5,4,1,4,5,3,1,3,5,2,2,0,Programming,Data Scientist
S1018,21,7.97,1,2,2,5,2,5,2,1,2,1,1,4,1,3,4,4,3,5,0,Business,Database Administrator
S1019,26,9.62,1,3,4,2,2,1,3,4,4,2,2,2,4,1,2,5,1,2,0,Database,Database Administrator
S1020,23,7.81,5,2,1,1,2,4,3,5,1,1,5,1,1,4,5,1,3,2,1,Data,Software Developer
S1021,25,7.63,1,4,2,1,3,2,3,5,3,2,2,5,2,3,1,3,2,2,4,Programming,Database Administrator
S1022,19,7.48,1,3,3,1,2,4,3,4,1,2,3,4,3,4,2,2,1,0,0,Security,Data Scientist
S1023,20,7.64,3,3,2,5,1,4,1,2,5,1,1,4,3,2,2,2,2,3,1,Data,Cybersecurity Analyst
S1024,20,9.04,1,5,5,4,2,1,2,4,4,2,2,5,5,4,1,4,3,5,3,Web,Data Analyst
S1025,26,5.81,2,5,2,4,5,2,2,5,3,5,4,4,3,5,5,1,3,4,2,Data,Data Analyst
S1026,24,9.18,5,1,2,2,5,5,4,3,3,2,4,1,1,3,2,5,2,4,2,Data,Web Developer
S1027,20,6.52,4,5,2,5,2,4,2,2,5,5,2,2,4,1,2,1,1,2,1,Programming,Web Developer
S1028,21,7.56,3,3,1,3,2,5,2,4,5,5,3,5,2,4,5,1,3,2,2,Security,Data Scientist
S1029,23,7.41,5,5,4,4,5,2,5,1,3,5,1,2,4,3,2,4,0,0,0,Security,Business Analyst
S1030,23,8.33,5,1,2,5,2,2,5,4,5,3,3,2,1,1,5,4,0,0,2,Security,Business Analyst
S1031,25,6.36,2,4,2,5,4,1,4,5,5,3,5,4,2,3,2,5,0,4,0,Cloud,Data Analyst
S1032,26,8.22,1,5,5,4,5,3,3,5,4,2,2,5,5,3,1,5,0,2,0,Web,Business Analyst
S1033,19,9.62,2,3,5,5,3,1,4,1,1,1,3,2,3,5,5,3,2,2,2,Programming,Software Developer
S1034,24,6.57,1,4,3,5,5,5,4,2,2,2,5,3,3,4,1,1,3,5,1,Security,Web Developer
S1035,19,7.97,1,3,3,4,1,1,1,5,3,3,3,1,5,5,1,5,1,4,3,Data,Business Analyst
S1036,20,7.2,5,4,5,1,4,2,2,2,2,4,5,4,1,2,2,4,0,0,1,Cloud,Data Analyst
S1037,26,8.18,1,3,4,2,3,4,1,2,3,4,4,5,5,3,5,3,2,5,4,Web,Database Administrator
S1038,25,7.82,3,5,3,3,2,3,2,4,3,2,4,5,1,4,3,3,1,4,4,Security,Data Scientist
S1039,19,7.22,3,5,4,2,1,2,4,2,1,3,2,4,2,2,1,4,2,0,0,Cloud,Data Scientist
S1040,21,8.24,3,1,5,1,1,4,2,5,3,5,3,2,4,2,1,5,3,0,0,Database,Database Administrator
S1041,23,9.42,5,4,3,1,4,5,3,5,3,3,4,4,4,5,1,4,0,5,1,Web,Data Scientist
S1042,20,7.63,2,1,2,5,3,5,3,3,1,2,1,5,5,2,2,5,1,5,1,Business,Business Analyst
S1043,25,8.45,4,2,5,2,1,5,4,2,5,3,4,3,3,1,2,4,1,0,0,Business,Business Analyst
S1044,19,6.64,1,5,3,1,3,1,5,3,2,4,4,2,5,1,1,4,2,2,3,Data,Data Analyst
S1045,24,6.94,4,4,4,2,3,5,3,4,3,5,3,4,3,1,2,2,2,4,3,Database,Cybersecurity Analyst
S1046,21,8.23,2,1,4,1,1,5,4,3,1,2,5,5,5,2,2,5,3,0,4,Cloud,Data Analyst
S1047,21,9.14,2,1,3,3,3,1,1,2,3,2,1,5,5,3,2,1,1,3,3,Programming,Cloud Engineer
S1048,19,8.12,5,2,4,1,4,4,5,5,1,1,1,5,4,4,4,2,0,0,2,Database,Cybersecurity Analyst
S1049,23,7.52,3,1,3,2,1,2,3,4,2,5,5,3,3,1,5,2,0,0,0,Web,Data Analyst
S1050,19,7.8,3,3,3,5,4,3,4,2,4,2,3,2,4,1,2,2,1,5,1,Cloud,Business Analyst
S1051,20,6.67,2,5,4,2,4,5,4,4,5,3,4,4,3,1,4,2,1,0,0,Cloud,Cloud Engineer
S1052,19,8.34,5,1,1,4,3,5,1,1,4,3,5,2,2,5,4,1,3,1,2,Web,Cloud Engineer
S1053,21,8.59,5,1,2,2,3,5,1,2,1,3,1,5,2,5,2,2,0,5,3,Cloud,Data Scientist
S1054,25,7.39,1,2,5,3,1,1,5,1,3,3,1,3,2,1,4,1,0,3,0,Cloud,Business Analyst
S1055,19,7.38,3,3,2,3,2,1,3,3,5,2,4,3,1,1,3,1,2,2,2,Web,Web Developer
S1056,23,8.04,2,1,5,3,1,1,4,2,2,4,4,5,4,5,4,2,2,5,3,Database,Business Analyst
S1057,26,7.41,4,5,5,1,4,3,5,1,5,5,2,2,4,4,5,3,0,4,4,Data,Cybersecurity Analyst
S1058,25,7.74,3,5,2,3,3,2,5,5,3,3,5,2,2,3,4,1,1,4,4,Business,Data Scientist
S1059,24,9.69,1,1,3,2,4,5,1,3,4,2,4,3,5,4,2,2,1,5,4,Programming,Business Analyst
S1060,22,7.58,5,3,4,5,5,4,4,2,1,2,2,1,4,3,1,4,2,4,2,Web,Database Administrator
S1061,19,7.48,2,5,1,3,5,5,2,2,4,3,3,3,3,2,3,4,1,5,2,Security,Cloud Engineer
S1062,23,7.22,3,5,1,2,4,5,1,5,5,1,1,3,4,2,4,5,3,2,1,Cloud,Data Scientist
S1063,25,8.47,4,3,1,1,2,5,4,5,3,2,5,4,4,4,3,1,1,0,1,Database,Web Developer
S1064,23,7.64,1,3,2,1,2,5,5,1,1,5,3,3,3,5,5,1,1,3,4,Programming,Software Developer
S1065,24,7.22,1,1,2,5,1,2,5,1,3,5,5,1,2,1,4,4,1,4,0,Programming,Data Analyst
S1066,21,8.99,3,4,3,5,1,4,3,1,3,1,5,3,2,2,4,1,2,1,3,Web,Data Analyst
S1067,23,9.08,4,2,1,2,1,1,2,4,5,2,4,2,3,5,3,1,1,1,1,Security,Database Administrator
S1068,25,7.26,1,4,3,5,3,4,1,3,4,1,2,4,4,5,4,4,0,3,3,Security,Business Analyst
S1069,23,6.12,2,4,1,5,2,5,3,2,3,2,5,4,4,3,4,2,2,4,0,Data,Software Developer
S1070,23,8.71,1,5,2,1,4,4,3,3,3,2,3,3,2,2,1,4,1,0,4,Security,Cloud Engineer
S1071,23,7.18,4,3,4,2,5,5,2,5,3,1,5,4,1,4,3,3,1,4,3,Business,Data Scientist
S1072,20,8.51,5,5,4,5,2,4,1,3,1,4,2,4,2,5,2,4,3,0,4,Web,Data Analyst
S1073,20,6.03,5,2,4,2,2,3,1,3,3,3,1,3,3,4,2,4,1,4,3,Programming,Web Developer
S1074,21,8.6,3,1,4,3,2,4,5,1,3,3,5,1,1,4,5,2,2,1,0,Programming,Business Analyst
S1075,19,6.71,4,2,5,1,1,1,1,5,5,3,3,3,1,2,1,4,1,2,1,Security,Business Analyst
S1076,23,8.46,1,5,1,1,3,1,3,3,3,1,1,2,3,4,3,4,2,5,2,Cloud,Data Analyst
S1077,24,7.81,1,5,4,1,4,4,5,2,3,2,1,5,5,4,3,2,0,3,4,Database,Cloud Engineer
S1078,19,6.94,5,5,5,4,1,4,1,1,5,2,4,1,2,1,1,4,1,0,1,Business,Cybersecurity Analyst
S1079,24,7.43,5,5,5,2,3,2,2,3,1,5,4,3,4,4,1,2,2,2,3,Database,Database Administrator
S1080,19,8.42,2,4,5,3,2,4,3,5,4,2,5,1,2,1,5,3,0,0,1,Data,Data Scientist
S1081,21,7.9,5,1,3,5,3,1,4,2,5,4,3,5,3,2,2,2,2,3,2,Security,Data Analyst
S1082,23,8.33,2,4,3,3,1,3,2,5,1,3,4,4,4,4,3,1,1,2,4,Business,Data Analyst
S1083,23,9.58,1,5,5,2,2,1,2,5,4,4,2,4,5,5,1,1,2,2,4,Web,Data Analyst
S1084,22,6.39,2,3,4,1,1,2,1,5,3,3,2,5,3,4,3,2,1,5,1,Data,Database Administrator
S1085,24,9.26,2,4,1,4,4,4,5,4,5,1,1,4,2,1,2,4,2,5,0,Business,Data Scientist
S1086,19,7.89,3,5,2,2,2,3,5,2,3,4,1,1,1,5,3,5,0,3,3,Security,Data Analyst
S1087,19,6.99,5,5,3,2,3,1,3,5,5,2,1,4,3,2,3,5,1,3,1,Data,Web Developer
S1088,26,6.6,2,1,4,5,1,3,1,4,4,3,2,5,3,3,1,3,0,0,0,Cloud,Data Analyst
S1089,26,7.63,1,2,4,3,5,5,5,1,1,5,4,5,2,3,1,3,1,2,4,Web,Cybersecurity Analyst
S1090,20,8.63,4,4,2,3,3,1,4,4,5,4,4,5,5,1,1,5,2,3,3,Security,Software Developer
S1091,22,7.69,2,4,2,5,3,5,1,1,1,1,5,2,2,2,2,5,0,5,4,Programming,Business Analyst
S1092,25,9.16,5,4,4,4,2,3,1,4,3,5,3,1,2,2,4,2,1,0,2,Web,Business Analyst
S1093,26,6.49,3,5,2,1,3,4,5,5,3,1,2,5,5,4,2,5,0,4,0,Cloud,Business Analyst
S1094,25,7.79,1,1,4,1,1,4,2,4,4,3,1,1,5,3,1,1,3,5,2,Business,Data Analyst
S1095,20,6.67,3,5,2,4,5,4,1,4,4,4,3,2,3,4,5,3,0,3,2,Cloud,Cloud Engineer
S1096,20,8.13,4,5,2,5,4,5,2,5,2,1,1,1,1,2,3,3,1,5,2,Programming,Data Analyst
S1097,20,8.6,2,3,4,2,5,4,3,1,2,5,3,3,2,1,3,1,2,5,0,Database,Database Administrator
S1098,24,7.42,2,1,5,3,1,2,3,5,4,5,3,2,1,1,3,3,3,2,3,Web,Data Scientist
S1099,24,5.46,5,4,4,2,2,1,5,2,3,2,4,2,5,5,3,5,3,4,4,Security,Software Developer
S1100,21,7.98,2,2,1,3,1,1,3,4,1,1,5,4,5,1,5,3,3,3,3,Programming,Business Analyst
S1101,21,8.19,1,4,2,2,3,3,5,2,4,4,5,5,2,3,1,1,0,1,3,Database,Data Analyst
S1102,20,8.16,4,5,3,5,2,5,5,5,1,4,1,2,3,5,4,3,1,2,3,Security,Web Developer
S1103,22,8.91,3,1,2,5,4,1,2,5,2,2,2,1,2,3,3,5,0,5,4,Data,Data Scientist
S1104,19,6.84,4,1,1,4,4,5,2,3,1,5,5,3,3,4,4,2,3,2,4,Security,Cloud Engineer
S1105,24,8.41,2,1,3,2,1,3,3,2,4,1,2,1,4,4,2,5,3,0,0,Data,Business Analyst
S1106,22,8.87,3,3,3,2,3,4,2,3,3,5,1,1,3,1,2,3,3,1,1,Security,Cloud Engineer
S1107,23,6.2,5,4,4,4,4,3,1,2,4,1,2,3,2,5,3,4,0,3,4,Data,Software Developer
S1108,24,8.09,4,3,5,4,5,2,4,3,5,1,3,4,2,3,1,3,3,1,4,Web,Business Analyst
S1109,24,7.35,3,2,4,5,2,4,1,3,5,1,3,5,3,3,5,3,2,5,1,Database,Cybersecurity Analyst
S1110,21,7.73,3,5,3,5,5,4,1,2,5,5,1,2,1,2,3,1,1,3,4,Cloud,Data Analyst
S1111,19,8.11,3,3,3,2,4,4,5,5,3,5,2,5,3,1,2,4,3,0,3,Web,Data Scientist
S1112,19,7.36,1,3,5,5,4,3,4,1,4,5,2,4,4,4,2,1,1,5,4,Programming,Database Administrator
S1113,26,7.19,4,5,2,5,1,2,5,5,5,3,1,3,4,2,4,1,0,5,0,Web,Software Developer
S1114,25,7.83,3,1,5,2,1,5,2,1,4,5,5,5,1,4,5,5,3,4,4,Web,Business Analyst
S1115,25,6.82,4,5,4,4,2,3,2,2,2,2,4,1,4,4,3,2,2,1,1,Cloud,Database Administrator
S1116,25,6.82,3,4,2,2,1,1,4,4,5,3,5,2,2,3,1,3,3,2,3,Business,Data Scientist
S1117,25,8.41,5,5,4,1,3,1,3,5,5,1,4,2,1,4,4,4,2,3,1,Web,Business Analyst
S1118,23,6.77,5,1,5,2,2,3,2,3,3,4,2,4,1,5,5,3,2,1,4,Programming,Software Developer
S1119,23,8.4,5,5,2,1,3,5,1,5,4,3,4,4,1,4,4,1,1,3,4,Web,Software Developer
S1120,24,8.22,2,3,5,2,1,1,4,2,3,3,4,3,3,5,1,2,1,1,0,Web,Web Developer
S1121,20,6.25,3,2,1,1,2,5,4,4,3,1,2,4,3,4,2,1,0,2,3,Web,Cybersecurity Analyst
S1122,21,7.19,2,3,3,1,4,4,2,4,4,5,3,5,1,2,3,3,2,3,4,Database,Data Analyst
S1123,21,8.87,4,2,2,2,5,3,2,5,2,5,4,2,4,3,3,5,2,3,0,Web,Web Developer
S1124,25,6.92,2,5,3,5,4,4,5,5,4,3,1,3,2,2,1,3,1,4,0,Cloud,Data Scientist
S1125,24,7.38,4,4,1,3,3,1,5,5,2,5,5,4,2,3,3,1,0,0,1,Database,Software Developer
S1126,26,8.22,4,5,2,5,4,5,1,2,3,3,2,1,3,2,3,4,1,1,3,Cloud,Cloud Engineer
S1127,22,8.51,4,1,3,1,4,4,4,1,2,4,2,2,5,1,4,4,1,2,2,Programming,Data Scientist
S1128,20,7.57,2,5,3,2,5,1,3,1,2,4,4,3,1,4,1,4,0,4,0,Business,Data Analyst
S1129,24,7.26,3,2,2,2,5,2,3,3,2,1,3,2,5,4,4,4,2,4,2,Programming,Business Analyst
S1130,20,9.08,2,3,3,2,4,4,4,2,5,2,3,5,2,1,3,4,2,0,1,Programming,Software Developer
S1131,20,9.37,3,4,3,2,5,2,1,4,5,2,5,4,3,1,5,2,0,2,0,Business,Web Developer
S1132,20,8.68,3,5,2,3,4,2,5,3,3,5,5,4,3,5,5,2,2,5,3,Web,Data Scientist
S1133,24,7.88,4,5,3,4,2,1,5,4,4,2,3,4,3,2,4,5,0,1,2,Business,Data Scientist
S1134,25,7.07,2,3,3,1,4,3,5,4,2,4,3,1,3,4,2,4,0,3,3,Security,Business Analyst
S1135,21,7.05,3,4,4,3,1,5,3,5,5,1,3,5,3,5,2,1,1,0,2,Database,Web Developer
S1136,21,8.27,5,5,4,5,5,1,3,4,4,4,4,1,1,4,1,1,2,3,1,Web,Software Developer
S1137,25,8.18,3,5,1,4,5,4,1,4,2,3,1,5,5,1,5,3,2,4,0,Security,Database Administrator
S1138,20,9.06,5,2,4,4,3,5,3,2,4,5,5,5,2,5,5,4,0,3,0,Programming,Software Developer
S1139,22,8.39,2,2,4,2,3,3,2,5,1,5,2,5,2,5,4,1,1,1,1,Web,Data Scientist
S1140,19,6.45,2,1,1,3,1,1,3,5,2,2,3,4,3,5,3,5,1,5,4,Business,Web Developer
S1141,24,8.75,2,3,3,5,5,3,5,3,4,3,3,4,3,2,1,1,2,1,2,Business,Data Analyst
S1142,19,6.9,3,4,3,2,5,4,1,5,2,2,1,4,3,5,4,5,3,5,2,Database,Database Administrator
S1143,26,7.45,1,5,4,2,3,1,4,1,2,2,3,1,4,4,2,4,0,3,4,Business,Business Analyst
S1144,25,8.03,3,5,1,1,3,4,4,2,1,2,5,3,2,2,3,3,2,3,1,Business,Web Developer
S1145,22,9.6,3,1,3,4,4,5,1,3,4,3,3,5,3,4,1,3,2,0,3,Programming,Data Analyst
S1146,24,10.0,4,5,5,5,5,5,2,1,3,2,1,1,5,5,3,2,3,5,3,Cloud,Business Analyst
S1147,25,8.35,4,3,2,4,5,3,4,4,5,5,4,4,4,5,2,4,3,1,1,Programming,Business Analyst
S1148,20,7.64,3,1,2,3,4,3,5,1,2,2,5,4,1,4,4,1,1,3,3,Web,Database Administrator
S1149,21,8.28,5,3,2,1,5,5,4,3,2,3,4,3,4,3,4,3,1,2,1,Cloud,Software Developer
S1150,19,8.6,4,1,4,2,1,2,4,5,2,3,2,4,4,5,5,5,1,0,2,Business,Business Analyst
S1151,23,7.51,3,5,2,1,3,5,5,2,2,4,1,5,4,5,4,5,1,0,2,Cloud,Data Analyst
S1152,23,9.42,1,1,2,2,3,1,3,3,5,2,2,2,5,2,5,1,0,0,4,Security,Software Developer
S1153,22,8.01,5,2,5,1,3,4,2,1,3,3,2,4,2,4,4,1,3,0,1,Data,Web Developer
S1154,20,8.25,2,4,3,2,2,5,5,1,1,2,2,3,3,5,1,4,2,5,3,Cloud,Cloud Engineer
S1155,26,8.4,3,5,5,4,1,5,5,3,3,1,2,2,5,4,2,1,1,5,1,Data,Data Analyst
S1156,19,8.18,3,4,4,4,1,4,1,3,5,5,1,5,5,2,3,1,2,3,0,Programming,Data Scientist
S1157,20,8.56,5,5,2,4,4,4,2,3,4,5,4,5,3,4,2,1,0,4,4,Programming,Cloud Engineer
S1158,19,7.24,4,4,3,4,2,1,3,5,1,2,3,5,4,4,2,3,1,2,0,Cloud,Data Analyst
S1159,22,7.3,4,2,2,1,5,4,5,3,1,5,2,3,1,2,5,4,0,4,4,Security,Cybersecurity Analyst
S1160,22,6.81,4,4,2,2,1,3,3,4,4,5,3,2,4,5,5,1,1,4,4,Programming,Data Scientist
S1161,26,8.2,2,1,4,4,2,5,5,2,2,1,3,5,4,4,1,1,2,3,4,Data,Business Analyst
S1162,23,8.5,5,4,2,1,2,4,5,2,5,5,2,4,2,3,3,5,0,0,0,Cloud,Cloud Engineer
S1163,20,8.21,5,5,1,2,1,1,1,4,4,5,5,2,4,5,4,3,1,0,4,Database,Business Analyst
S1164,24,9.31,4,3,3,1,4,4,4,1,3,3,3,5,1,2,4,1,2,3,1,Cloud,Cloud Engineer
S1165,23,7.79,4,4,3,4,2,5,2,1,3,5,5,2,5,1,2,3,2,3,1,Security,Cloud Engineer
S1166,20,8.4,1,4,1,3,3,2,1,1,4,2,4,4,4,3,1,4,2,5,0,Cloud,Business Analyst
S1167,23,6.82,1,4,4,1,2,4,3,1,5,5,3,1,5,5,3,4,1,1,2,Web,Data Scientist
S1168,24,7.45,3,5,2,4,5,3,5,5,1,2,1,5,2,2,4,2,2,0,2,Data,Data Scientist
S1169,21,8.43,3,4,2,5,1,5,5,4,1,5,4,4,1,3,2,5,2,2,0,Database,Business Analyst
S1170,21,8.56,5,5,3,2,5,1,2,2,2,2,4,3,3,5,1,2,1,1,4,Business,Cloud Engineer
S1171,26,7.54,5,5,4,4,4,5,1,4,5,5,5,5,3,1,3,3,0,4,4,Database,Database Administrator
S1172,21,7.74,2,3,4,5,3,2,1,2,3,2,2,1,2,5,2,5,2,5,4,Web,Data Analyst
S1173,21,6.43,2,1,4,1,1,1,3,1,3,5,1,4,1,1,2,1,1,5,0,Web,Data Scientist
S1174,25,7.48,1,5,2,1,2,2,1,5,2,1,1,4,5,1,1,5,0,0,4,Data,Data Analyst
S1175,19,8.6,3,2,4,5,3,2,1,3,3,3,5,2,2,4,1,5,2,3,1,Cloud,Data Scientist
S1176,25,8.32,1,4,1,5,2,3,4,3,2,3,5,5,4,2,1,4,1,3,4,Cloud,Business Analyst
S1177,25,8.25,1,2,5,2,4,4,2,1,2,3,4,1,5,4,1,2,3,3,0,Web,Business Analyst
S1178,26,7.84,3,4,4,1,1,3,1,1,4,3,5,3,4,1,3,4,1,0,4,Business,Software Developer
S1179,25,7.81,2,3,5,5,4,3,3,4,1,1,2,2,4,2,1,4,2,5,1,Data,Database Administrator
S1180,21,7.21,3,5,2,3,4,3,5,5,5,1,4,5,5,2,1,2,0,2,0,Programming,Business Analyst
S1181,24,8.43,4,1,4,3,4,1,1,5,5,5,4,1,4,2,1,4,0,3,2,Data,Business Analyst
S1182,26,8.18,4,5,3,5,4,4,1,4,1,1,4,2,3,3,3,5,0,5,0,Business,Data Analyst
S1183,26,8.24,4,4,2,2,2,4,5,5,5,3,1,1,5,5,4,3,2,0,3,Web,Data Scientist
S1184,22,7.33,5,1,1,1,5,1,4,5,3,4,1,1,2,1,2,1,2,4,2,Data,Data Scientist
S1185,26,5.86,2,5,1,3,2,3,2,3,3,5,4,2,3,2,5,1,0,1,2,Data,Data Scientist
S1186,22,8.79,2,1,5,5,3,3,4,5,5,2,2,2,2,3,2,4,0,0,0,Database,Data Analyst
S1187,26,7.37,5,4,5,5,4,2,3,1,4,3,3,5,1,3,3,2,0,0,3,Programming,Cloud Engineer
S1188,19,7.02,1,3,3,4,3,2,1,3,5,3,4,2,2,1,1,5,0,5,2,Security,Web Developer
S1189,21,8.42,4,3,3,5,2,5,4,1,2,3,5,5,5,4,3,4,1,3,4,Security,Data Analyst
S1190,26,7.45,4,5,1,2,4,2,2,1,2,1,3,1,2,3,4,5,2,1,3,Programming,Business Analyst
S1191,21,8.75,1,2,4,3,2,4,3,4,1,2,1,2,1,1,5,5,3,1,3,Data,Data Analyst
S1192,21,8.36,3,4,1,4,4,1,4,5,3,5,1,5,4,3,4,1,0,3,0,Web,Business Analyst
S1193,23,8.42,3,5,1,3,2,3,1,5,4,3,3,5,5,1,1,3,1,2,0,Programming,Software Developer
S1194,26,6.57,2,5,3,3,1,5,2,5,5,2,5,3,3,2,3,3,3,0,0,Security,Cloud Engineer
S1195,20,8.89,5,3,5,2,5,2,1,5,2,4,1,5,3,4,3,2,3,3,3,Business,Web Developer
S1196,23,8.04,2,1,3,5,5,5,1,3,3,1,1,5,2,3,1,3,0,5,1,Security,Business Analyst
S1197,20,7.47,3,4,3,2,4,1,3,2,3,3,4,3,3,3,1,4,0,2,0,Programming,Cybersecurity Analyst
S1198,21,7.93,1,1,3,5,1,1,2,1,4,2,2,4,1,3,5,1,1,3,1,Data,Data Scientist
S1199,21,6.2,2,4,1,4,3,5,5,2,4,2,5,2,3,5,4,1,0,4,2,Cloud,Data Scientist
S1200,23,8.17,4,2,4,2,1,5,1,2,4,3,4,3,2,5,1,5,3,2,4,Web,Database Administrator
S1201,23,6.87,4,3,1,2,4,5,2,2,4,2,2,5,3,2,1,4,0,5,4,Database,Cybersecurity Analyst
S1202,20,6.58,1,2,2,1,1,3,1,3,2,2,1,5,4,3,4,4,1,2,1,Cloud,Database Administrator
S1203,22,6.43,3,5,3,2,3,4,4,2,4,5,2,2,4,4,1,5,1,1,3,Web,Business Analyst
S1204,20,8.8,4,3,3,1,4,2,4,3,3,1,1,1,3,5,5,5,1,0,4,Cloud,Cloud Engineer
S1205,23,7.23,4,5,2,5,5,2,2,4,3,5,4,3,5,1,5,1,1,3,1,Cloud,Database Administrator
S1206,24,9.18,5,2,3,5,1,2,3,4,5,1,1,4,3,1,4,4,1,5,0,Web,Web Developer
S1207,23,7.32,2,4,3,5,5,5,5,4,3,1,2,2,4,1,2,3,0,5,1,Business,Cloud Engineer
S1208,24,6.26,3,5,3,1,5,5,4,3,3,5,4,2,4,2,5,3,2,3,2,Web,Cloud Engineer
S1209,19,6.8,2,1,2,5,2,5,3,3,2,3,2,3,1,3,3,1,1,0,1,Security,Software Developer
S1210,23,8.91,3,4,1,3,3,3,5,1,3,2,2,5,2,3,3,3,2,5,0,Data,Database Administrator
S1211,19,7.66,4,4,3,2,1,3,4,2,1,4,3,5,1,5,2,3,0,5,1,Data,Data Analyst
S1212,22,7.31,5,2,4,1,5,3,5,5,3,5,1,4,5,1,5,4,1,0,0,Security,Cybersecurity Analyst
S1213,20,7.94,2,2,2,5,5,3,1,5,5,5,1,3,2,2,1,4,2,5,0,Business,Business Analyst
S1214,24,8.25,4,3,5,3,3,1,2,2,5,3,2,2,3,4,2,2,2,5,2,Cloud,Cloud Engineer
S1215,20,8.81,3,3,2,2,5,3,4,5,4,2,1,3,3,3,1,4,3,5,2,Business,Data Analyst
S1216,19,9.1,2,1,1,2,5,3,4,5,2,5,5,1,5,3,3,2,2,1,4,Business,Data Scientist
S1217,24,7.48,2,4,2,5,5,3,1,5,5,4,1,2,4,2,2,4,3,0,0,Web,Data Scientist
S1218,20,6.61,4,1,5,3,5,2,4,3,1,2,4,4,3,5,5,5,3,4,0,Programming,Web Developer
S1219,23,7.43,2,1,4,1,2,2,4,3,1,5,1,4,1,2,3,4,2,1,0,Cloud,Cybersecurity Analyst
S1220,21,8.03,5,2,5,5,2,2,4,3,4,5,5,2,4,5,5,2,3,2,4,Data,Cloud Engineer
S1221,19,6.93,5,1,2,2,4,4,4,2,2,1,2,5,3,3,1,3,2,0,3,Web,Business Analyst
S1222,20,6.94,4,1,5,2,1,1,4,4,2,1,1,2,4,5,5,4,3,2,2,Security,Data Analyst
S1223,19,8.11,3,5,2,2,3,5,3,5,3,5,4,2,2,5,2,3,1,1,2,Business,Data Scientist
S1224,25,7.76,4,3,4,5,4,3,4,1,1,3,5,1,3,5,1,3,1,5,0,Cloud,Web Developer
S1225,19,7.83,5,3,4,4,2,2,1,3,1,1,3,2,3,5,2,4,1,4,4,Database,Software Developer
S1226,24,7.12,1,4,1,4,2,1,4,1,1,5,2,3,4,1,1,4,2,4,0,Programming,Data Scientist
S1227,25,7.59,1,3,4,4,2,3,5,5,1,2,2,3,2,1,2,5,2,0,2,Cloud,Data Scientist
S1228,26,6.97,2,4,3,3,4,4,5,4,5,4,2,4,1,1,3,2,0,4,4,Security,Data Scientist
S1229,24,8.6,2,5,5,5,2,5,1,1,2,1,5,5,2,1,2,4,2,5,1,Programming,Software Developer
S1230,21,8.73,1,3,5,2,4,3,3,5,3,5,1,4,1,2,3,3,0,3,2,Cloud,Web Developer
S1231,25,6.14,5,5,2,3,2,5,1,5,5,1,1,1,5,4,4,3,0,5,1,Security,Web Developer
S1232,26,6.96,2,3,4,4,5,3,3,3,2,2,1,2,2,5,5,4,1,1,3,Cloud,Business Analyst
S1233,23,6.45,4,3,1,1,5,4,2,4,4,3,1,4,1,2,1,2,2,5,1,Database,Cloud Engineer
S1234,19,7.21,4,5,1,3,1,1,5,5,1,5,2,2,4,1,5,3,2,4,4,Web,Software Developer
S1235,20,7.72,5,1,1,3,2,5,5,4,3,2,3,4,1,5,3,5,0,1,1,Cloud,Data Scientist
S1236,22,6.5,2,1,3,5,1,5,5,3,2,4,2,2,5,4,3,3,0,1,3,Business,Software Developer
S1237,19,6.97,4,1,4,3,4,1,3,1,4,5,3,4,1,5,3,2,2,5,2,Security,Software Developer
S1238,26,6.9,2,1,1,5,1,5,1,2,1,4,3,3,2,3,2,1,0,5,3,Data,Business Analyst
S1239,19,7.99,2,3,3,1,2,2,3,2,4,3,1,1,1,3,5,5,2,3,4,Security,Business Analyst
S1240,21,7.86,4,2,5,2,4,1,5,2,4,5,4,4,2,2,3,5,2,5,1,Cloud,Software Developer
S1241,23,7.15,1,5,2,2,4,4,5,4,5,5,5,3,5,4,4,1,3,5,1,Web,Business Analyst
S1242,22,7.96,4,2,4,4,5,3,5,2,4,2,4,5,1,2,3,5,0,0,4,Data,Data Scientist
S1243,25,7.31,5,2,4,4,4,3,5,1,5,1,3,4,1,5,5,5,1,1,0,Database,Database Administrator
S1244,25,7.56,3,4,5,1,4,1,2,5,5,5,4,2,5,4,3,5,2,3,4,Database,Cybersecurity Analyst
S1245,25,9.31,4,1,4,2,1,2,5,4,4,3,3,1,1,2,3,3,0,4,4,Business,Data Analyst
S1246,26,9.01,2,3,4,4,4,4,3,1,2,5,2,3,2,5,1,3,0,2,3,Security,Data Scientist
S1247,24,6.63,2,1,4,3,3,3,5,4,4,5,2,3,3,1,3,4,0,0,3,Data,Data Scientist
S1248,24,8.55,4,1,4,5,5,3,4,4,4,5,1,1,3,5,5,4,2,5,4,Web,Cloud Engineer
S1249,20,8.53,3,2,3,4,5,2,2,4,2,5,5,4,2,2,1,3,2,2,2,Business,Business Analyst
S1250,22,6.77,4,4,3,1,4,5,5,3,1,3,2,2,1,4,1,5,2,3,1,Programming,Cloud Engineer
S1251,25,8.54,3,1,2,2,1,1,4,5,3,2,5,5,2,4,3,2,0,1,4,Data,Data Scientist
S1252,24,9.18,3,5,4,1,5,2,3,2,1,1,1,4,5,1,3,1,1,3,0,Security,Cloud Engineer
S1253,26,6.79,5,5,5,5,5,2,2,3,4,3,5,1,2,2,4,4,3,0,1,Web,Data Scientist
S1254,20,6.97,2,1,1,5,3,2,5,5,1,3,2,4,3,1,5,5,1,0,2,Database,Database Administrator
S1255,23,8.72,2,2,2,1,4,2,3,2,3,4,2,4,4,3,5,4,2,4,4,Security,Data Scientist
S1256,20,8.04,3,2,1,4,5,5,4,3,1,1,4,1,5,5,2,2,2,3,2,Web,Business Analyst
S1257,24,8.3,2,3,1,4,5,4,2,3,3,2,4,1,1,3,2,5,2,0,1,Security,Data Analyst
S1258,21,8.11,1,4,4,2,5,2,5,1,1,2,4,5,2,3,5,3,1,3,0,Database,Data Analyst
S1259,26,8.15,3,2,5,2,5,2,3,3,5,4,5,1,5,1,3,2,1,4,1,Web,Business Analyst
S1260,21,6.61,2,3,1,3,1,1,2,4,4,4,2,1,3,1,1,4,2,4,1,Database,Cybersecurity Analyst
S1261,25,8.74,1,5,1,3,2,3,4,3,3,3,1,1,1,5,4,5,3,3,4,Cloud,Data Analyst
S1262,21,8.85,5,5,2,2,3,5,5,4,4,2,3,3,2,1,3,5,3,5,1,Database,Data Scientist
S1263,25,7.59,2,5,5,3,1,2,2,5,5,2,2,1,2,1,1,1,0,0,4,Security,Data Analyst
S1264,25,7.76,1,1,5,1,3,4,4,5,1,2,4,1,1,1,5,1,1,1,4,Web,Database Administrator
S1265,24,6.42,4,4,1,4,5,4,4,4,4,3,4,1,4,1,3,1,3,5,2,Programming,Data Scientist
S1266,21,8.26,4,3,5,3,3,4,3,1,1,2,5,5,4,1,4,3,2,1,0,Database,Software Developer
S1267,25,8.31,1,4,2,3,4,1,4,1,1,5,4,4,5,3,2,5,1,5,4,Web,Data Analyst
S1268,22,7.74,3,1,2,1,4,4,4,5,4,4,5,1,2,3,1,5,0,4,3,Programming,Data Scientist
S1269,23,8.81,3,3,2,5,2,1,1,3,3,4,1,1,5,5,3,4,0,0,2,Business,Data Scientist
S1270,20,7.5,2,3,4,2,2,5,4,5,3,4,4,5,1,4,4,3,1,4,4,Data,Data Scientist
S1271,20,8.31,4,2,1,1,3,4,5,5,4,4,5,4,5,5,3,1,2,4,4,Web,Data Scientist
S1272,24,6.88,3,4,5,5,1,3,2,4,3,5,4,5,2,2,5,5,3,4,2,Data,Data Scientist
S1273,21,7.78,3,4,2,1,1,2,5,1,2,1,5,2,4,5,1,1,1,4,1,Data,Data Analyst
S1274,21,7.64,4,2,1,4,5,5,5,4,1,2,2,2,4,5,5,2,2,3,4,Cloud,Cybersecurity Analyst
S1275,25,8.0,5,5,1,1,1,3,3,5,4,4,5,2,1,1,5,3,1,3,0,Business,Cybersecurity Analyst
S1276,26,7.47,3,1,4,1,2,5,1,2,5,2,3,1,3,1,2,1,0,0,4,Web,Cloud Engineer
S1277,19,7.68,1,4,5,4,1,4,1,3,4,2,1,5,5,1,5,3,1,5,2,Cloud,Database Administrator
S1278,25,8.54,2,2,5,2,5,5,5,5,4,5,2,1,1,4,4,5,2,0,3,Business,Data Scientist
S1279,23,7.41,3,3,2,5,4,5,2,4,1,2,1,2,4,1,1,2,2,2,2,Database,Data Analyst
S1280,22,6.35,3,2,2,3,1,5,1,2,5,4,2,4,2,2,2,4,0,1,2,Cloud,Database Administrator
S1281,20,9.37,5,5,1,2,1,1,1,2,1,2,4,4,2,3,3,2,2,3,0,Database,Software Developer
S1282,25,9.04,1,1,5,1,2,3,5,5,3,5,5,5,3,2,5,3,2,0,1,Data,Business Analyst
S1283,19,6.64,2,5,5,3,3,4,1,1,4,4,4,4,3,4,3,2,0,5,0,Database,Data Analyst
S1284,19,8.42,3,3,2,4,4,2,3,2,1,5,1,2,4,1,2,5,2,4,0,Security,Cybersecurity Analyst
S1285,25,7.35,2,3,3,2,3,4,5,3,2,3,1,5,3,5,3,3,2,3,4,Data,Data Scientist
S1286,24,8.04,4,3,1,5,5,4,1,4,4,1,2,5,3,3,4,3,1,1,3,Business,Business Analyst
S1287,20,8.06,3,3,5,2,5,1,1,4,3,2,1,2,2,4,2,5,1,3,2,Business,Business Analyst
S1288,24,7.59,3,2,4,2,3,1,1,4,1,2,5,2,5,2,1,1,1,5,0,Data,Data Analyst
S1289,22,7.09,4,3,4,3,2,5,5,5,1,2,1,2,2,1,1,4,1,1,0,Business,Data Scientist
S1290,19,7.18,5,3,3,4,2,4,2,4,2,3,4,2,2,4,1,2,3,2,1,Programming,Data Analyst
S1291,19,6.98,3,2,2,4,2,3,4,4,3,1,5,5,4,4,1,4,1,0,1,Security,Data Analyst
S1292,23,7.05,2,3,2,2,4,1,1,3,2,5,1,4,4,5,2,4,1,5,3,Data,Software Developer
S1293,22,7.74,1,5,2,4,5,1,4,1,4,3,3,2,5,5,2,5,1,1,2,Security,Data Analyst
S1294,19,7.16,2,5,4,3,5,3,4,5,5,3,3,3,1,5,2,1,0,2,0,Programming,Data Scientist
S1295,22,8.41,5,4,2,3,5,1,1,5,1,4,4,5,3,2,5,4,1,5,4,Database,Database Administrator
S1296,20,9.14,1,5,4,5,4,3,1,4,2,3,2,1,3,5,2,3,3,5,1,Security,Cloud Engineer
S1297,21,7.28,2,1,3,4,5,2,4,3,1,3,2,4,2,4,2,1,3,3,0,Web,Cloud Engineer
S1298,19,8.02,2,1,1,5,3,3,2,2,1,2,1,5,2,4,2,5,3,0,4,Programming,Cloud Engineer
S1299,23,8.25,4,1,5,1,1,2,4,4,2,4,5,2,5,4,1,4,2,1,0,Security,Business Analyst
S1300,20,8.22,5,2,3,3,4,5,2,4,1,5,2,3,3,3,4,5,0,5,3,Cloud,Data Scientist
S1301,25,7.87,4,5,4,2,1,5,3,5,3,1,3,1,2,3,1,2,1,5,3,Security,Data Scientist
S1302,22,8.47,1,1,3,3,3,1,2,5,3,5,2,4,2,2,4,5,1,1,4,Database,Data Scientist
S1303,25,8.23,4,4,5,1,2,3,5,4,5,4,3,2,4,5,4,3,2,5,1,Programming,Data Scientist
S1304,24,6.69,5,2,1,2,2,1,1,5,3,2,2,5,1,4,4,5,0,0,3,Cloud,Data Scientist
S1305,20,8.58,3,4,5,4,2,3,3,3,2,1,4,5,5,5,1,1,2,5,1,Business,Software Developer
S1306,25,8.6,3,5,4,4,4,1,4,2,3,5,5,4,1,4,5,2,3,3,4,Security,Software Developer
S1307,26,7.11,1,3,5,3,2,5,2,2,5,1,1,3,1,3,3,3,2,3,4,Database,Database Administrator
S1308,26,7.83,3,4,3,2,4,5,3,2,4,1,3,2,5,4,5,2,0,4,0,Security,Software Developer
S1309,19,8.41,4,3,2,2,4,1,5,4,4,1,2,4,3,2,1,3,2,5,4,Programming,Data Scientist
S1310,22,7.61,1,2,3,5,1,3,2,4,2,3,1,4,2,1,4,2,0,3,0,Cloud,Database Administrator
S1311,21,8.77,5,4,4,1,2,4,4,4,5,4,3,5,5,4,3,4,2,0,1,Cloud,Data Scientist
S1312,20,9.93,1,4,1,4,5,3,4,3,3,4,3,4,2,2,5,5,0,2,0,Security,Cybersecurity Analyst
S1313,19,7.09,1,2,5,3,2,1,2,2,5,2,4,1,4,3,2,1,1,0,1,Business,Data Scientist
S1314,23,6.56,2,2,1,2,2,3,5,5,1,5,2,1,1,3,5,1,3,1,3,Database,Data Scientist
S1315,24,8.07,2,1,4,4,2,2,1,5,5,2,1,2,4,1,1,4,0,5,1,Web,Database Administrator
S1316,22,8.45,1,5,5,3,5,3,1,1,3,5,2,4,1,5,3,2,2,4,2,Programming,Software Developer
S1317,20,7.59,3,4,3,4,5,5,4,1,2,1,2,5,3,5,2,5,2,4,0,Programming,Data Analyst
S1318,26,9.11,2,4,3,3,4,5,5,5,1,5,5,2,5,4,3,4,3,2,3,Data,Software Developer
S1319,20,6.6,5,2,4,4,5,2,4,2,5,5,3,3,3,3,3,2,1,5,1,Cloud,Web Developer
S1320,21,8.42,4,2,5,5,4,3,1,4,4,1,3,5,1,2,5,5,1,1,4,Cloud,Business Analyst
S1321,26,7.25,2,5,3,1,1,4,4,5,3,2,5,3,4,1,4,2,1,3,0,Data,Database Administrator
S1322,21,9.35,1,2,4,4,4,3,2,5,2,5,5,2,1,5,5,1,0,3,1,Security,Data Analyst
S1323,23,9.59,3,3,4,1,2,5,2,1,3,2,2,1,3,4,2,5,3,3,3,Security,Software Developer
S1324,24,7.11,4,3,1,4,3,5,5,2,5,2,3,5,3,4,1,1,0,0,4,Programming,Software Developer
S1325,23,7.31,2,3,3,2,3,1,1,5,2,4,1,5,4,3,5,1,0,3,0,Security,Database Administrator
S1326,19,8.57,3,3,5,5,2,5,5,4,4,1,4,2,4,2,4,5,0,1,3,Web,Data Scientist
S1327,19,7.45,3,5,3,5,4,1,5,4,1,1,5,5,3,2,4,4,0,4,4,Web,Data Scientist
S1328,23,7.76,3,4,3,1,2,5,1,3,5,3,1,5,1,5,5,2,2,0,2,Web,Business Analyst
S1329,24,7.82,1,3,3,2,5,5,3,4,2,2,1,2,1,4,2,5,2,3,4,Data,Data Analyst
S1330,23,6.07,5,2,4,3,4,4,3,5,1,3,2,4,5,3,4,1,2,1,0,Business,Data Scientist
S1331,24,7.79,3,3,2,5,2,1,4,5,2,1,5,2,3,2,4,2,0,2,2,Database,Data Analyst
S1332,24,7.18,4,5,2,2,5,1,3,4,5,1,1,5,5,4,2,5,1,1,1,Web,Database Administrator
S1333,25,7.36,2,2,1,2,5,5,2,1,2,3,4,2,3,2,2,4,2,4,2,Data,Data Scientist
S1334,26,9.1,4,3,3,1,4,1,5,2,4,1,1,5,5,1,2,5,3,1,2,Programming,Data Scientist
S1335,22,6.67,1,4,2,2,1,5,4,5,2,1,4,3,2,2,2,5,2,1,2,Programming,Business Analyst
S1336,24,8.53,1,2,1,2,1,5,5,4,5,4,4,3,1,2,5,3,0,0,4,Business,Software Developer
S1337,21,7.55,4,2,4,3,5,3,1,4,2,5,4,1,1,4,5,2,0,4,2,Web,Cybersecurity Analyst
S1338,24,7.55,5,4,3,1,1,1,3,5,1,4,5,2,2,2,3,5,0,3,2,Data,Data Scientist
S1339,24,8.51,1,2,5,1,5,2,1,3,1,5,4,2,4,2,3,1,2,4,1,Web,Data Scientist
S1340,24,8.11,1,3,4,2,1,1,4,2,3,4,5,3,2,1,3,1,1,2,2,Business,Cybersecurity Analyst
S1341,25,8.31,4,2,1,3,5,1,2,5,3,4,1,3,1,2,4,3,0,5,4,Business,Database Administrator
S1342,26,8.67,1,3,4,4,5,4,3,4,4,2,4,3,3,2,2,1,3,4,3,Security,Business Analyst
S1343,25,7.5,5,4,5,5,5,2,1,3,1,3,3,1,5,4,5,5,0,0,3,Data,Database Administrator
S1344,19,7.25,5,1,4,1,5,2,3,5,3,4,1,1,1,3,5,2,1,3,4,Data,Database Administrator
S1345,25,6.82,5,4,1,3,3,4,5,2,2,2,3,4,2,1,2,3,1,4,4,Data,Cloud Engineer
S1346,21,7.06,2,3,5,3,1,4,2,3,4,4,3,2,3,2,3,3,1,5,2,Data,Data Analyst
S1347,21,10.0,5,5,5,2,5,1,3,4,5,3,2,1,1,3,4,4,0,3,4,Security,Cybersecurity Analyst
S1348,25,8.92,5,4,4,5,2,3,2,1,3,2,5,5,2,4,5,4,3,0,2,Database,Web Developer
S1349,26,6.58,2,5,5,1,4,4,5,2,3,5,2,2,1,1,1,2,3,1,0,Web,Data Scientist
S1350,23,6.61,3,5,4,4,2,2,5,3,1,3,5,4,2,4,4,2,0,5,1,Programming,Business Analyst
S1351,22,8.23,1,3,3,2,2,2,1,5,4,1,2,3,2,3,4,3,2,2,1,Business,Data Analyst
S1352,26,8.29,5,3,5,1,3,1,4,5,1,2,1,4,1,1,3,5,2,4,1,Cloud,Data Analyst
S1353,25,8.29,1,1,4,1,1,3,1,3,1,1,3,2,3,2,2,5,3,3,0,Cloud,Database Administrator
S1354,24,7.57,4,2,3,3,3,5,2,5,4,2,1,3,1,3,1,4,2,4,1,Data,Cybersecurity Analyst
S1355,20,7.69,1,4,5,5,1,4,1,3,2,5,5,4,1,4,3,2,2,0,2,Data,Software Developer
S1356,22,8.1,2,3,3,4,5,4,3,2,3,2,3,4,3,1,2,2,3,1,3,Programming,Data Analyst
S1357,22,7.88,1,4,5,5,3,1,1,5,1,4,3,2,1,3,1,5,2,0,1,Cloud,Cybersecurity Analyst
S1358,21,5.8,1,5,1,3,4,3,4,2,3,1,5,1,5,3,5,4,2,5,1,Data,Business Analyst
S1359,22,7.59,1,2,1,4,1,2,4,4,4,1,1,5,5,4,1,5,0,3,2,Business,Business Analyst
S1360,25,7.03,3,1,4,4,3,2,2,4,2,2,3,4,5,4,3,5,2,4,2,Business,Web Developer
S1361,24,7.96,3,4,2,2,4,5,5,4,5,4,1,5,2,2,1,3,3,3,1,Database,Data Analyst
S1362,24,10.0,4,2,1,4,2,2,4,4,2,4,1,2,4,2,1,2,0,5,4,Security,Cybersecurity Analyst
S1363,19,8.13,2,1,2,1,5,4,2,5,4,2,1,2,1,3,1,3,3,5,0,Cloud,Database Administrator
S1364,24,7.52,1,4,3,5,5,5,4,3,2,3,3,1,4,4,5,3,0,0,3,Security,Cybersecurity Analyst
S1365,26,8.63,1,2,3,5,2,3,4,5,5,5,4,3,5,3,2,5,3,4,3,Programming,Data Analyst
S1366,24,8.23,1,3,2,2,3,5,5,5,1,2,2,5,3,5,1,4,1,3,0,Programming,Cloud Engineer
S1367,21,8.18,1,4,4,4,2,3,3,2,2,4,5,4,5,4,4,5,0,4,1,Database,Software Developer
S1368,24,8.35,3,2,5,3,4,2,2,3,4,5,1,3,1,5,3,4,0,2,1,Cloud,Cybersecurity Analyst
S1369,19,9.65,4,1,2,1,1,1,4,1,2,2,3,5,4,5,4,2,0,0,1,Business,Data Analyst
S1370,20,6.78,5,2,2,2,3,5,4,1,5,5,5,5,4,4,2,1,3,0,1,Web,Web Developer
S1371,25,8.23,2,3,2,4,1,5,1,3,4,3,4,3,2,2,3,2,1,2,1,Cloud,Cloud Engineer
S1372,21,6.97,1,4,2,3,2,4,3,1,2,4,4,3,3,3,2,5,0,1,3,Security,Cybersecurity Analyst
S1373,26,8.3,4,4,2,4,5,4,5,3,4,3,3,1,5,1,3,4,1,5,1,Web,Cybersecurity Analyst
S1374,20,6.97,5,4,4,2,1,3,2,2,5,3,1,4,3,1,4,1,2,3,2,Database,Data Scientist
S1375,21,7.42,4,3,1,3,1,1,4,2,1,4,4,4,1,4,4,4,0,1,4,Security,Software Developer
S1376,23,7.53,3,1,5,3,5,4,2,5,5,3,4,4,2,2,5,4,2,4,1,Security,Data Scientist
S1377,22,8.68,5,4,1,3,1,4,5,1,1,2,4,3,5,2,2,1,0,3,2,Security,Database Administrator
S1378,23,8.63,4,1,2,3,1,2,3,3,3,2,3,1,1,2,4,1,1,3,3,Data,Database Administrator
S1379,24,6.68,3,2,1,4,5,2,1,2,5,5,5,2,3,1,3,2,2,5,2,Web,Data Scientist
S1380,20,7.85,4,1,4,3,5,4,3,5,1,2,2,1,2,5,1,3,3,3,0,Data,Data Analyst
S1381,24,7.16,4,1,3,4,2,3,1,1,3,2,3,3,5,1,1,1,0,2,0,Data,Data Scientist
S1382,22,6.67,5,4,1,3,2,1,2,1,3,5,1,1,3,2,1,3,0,0,2,Security,Cloud Engineer
S1383,21,7.6,3,5,5,3,1,4,3,1,3,1,3,3,5,1,5,3,1,2,1,Programming,Database Administrator
S1384,22,7.52,1,5,4,2,3,3,3,2,4,4,3,5,2,1,4,3,3,2,1,Business,Cloud Engineer
S1385,19,9.98,2,3,3,4,2,3,3,2,5,2,2,5,2,3,2,3,0,2,1,Cloud,Business Analyst
S1386,22,8.19,5,3,4,4,2,4,5,1,5,5,2,2,3,4,2,1,2,1,2,Programming,Web Developer
S1387,19,6.56,3,5,2,5,3,3,2,2,5,3,2,5,5,5,5,4,3,2,0,Security,Software Developer
S1388,22,7.29,4,2,3,2,3,5,1,1,5,3,5,2,4,3,3,1,3,0,0,Cloud,Business Analyst
S1389,25,8.72,3,4,5,4,5,3,3,4,4,2,3,4,1,4,4,1,1,3,3,Business,Data Analyst
S1390,19,9.68,2,4,3,2,2,4,2,2,5,4,1,3,2,2,4,5,2,1,0,Cloud,Data Analyst
S1391,20,6.37,2,2,5,2,4,3,5,3,1,5,2,4,5,3,3,5,2,5,0,Business,Business Analyst
S1392,24,6.11,1,2,2,2,4,4,5,2,3,5,2,4,3,4,3,2,0,2,4,Security,Database Administrator
S1393,26,9.48,1,5,5,1,1,2,2,1,4,5,3,2,3,3,4,3,0,2,0,Data,Data Analyst
S1394,24,8.15,2,3,4,4,2,4,1,3,4,5,1,3,2,1,4,3,3,3,2,Cloud,Data Scientist
S1395,23,7.02,5,2,1,2,4,3,2,5,5,5,2,2,2,1,1,5,3,3,1,Business,Data Scientist
S1396,24,8.28,5,3,4,1,2,4,2,3,3,4,3,1,4,3,2,4,1,5,2,Cloud,Web Developer
S1397,21,5.43,4,1,4,1,2,1,4,3,1,5,4,4,3,3,1,2,3,1,1,Cloud,Cloud Engineer
S1398,25,7.8,1,4,3,3,4,4,5,2,3,4,5,3,5,5,1,4,1,5,1,Cloud,Business Analyst
S1399,22,8.1,4,5,2,3,2,4,1,3,2,4,3,4,1,2,2,5,1,5,3,Web,Database Administrator
S1400,23,8.63,1,4,1,4,3,1,4,3,3,4,2,1,1,1,5,4,2,0,0,Data,Cloud Engineer
S1401,21,6.89,2,5,5,3,1,1,2,1,1,3,1,1,4,3,5,3,2,1,3,Web,Data Scientist
S1402,21,7.88,5,1,3,4,5,1,5,2,1,1,4,3,5,4,5,5,3,3,1,Web,Web Developer
S1403,19,6.97,5,4,2,1,4,5,4,1,1,2,1,3,1,2,5,4,3,0,4,Business,Cybersecurity Analyst
S1404,24,8.03,2,1,1,1,5,4,4,2,4,3,1,1,1,4,3,2,2,2,4,Security,Cloud Engineer
S1405,20,6.99,4,5,4,4,1,1,1,5,4,1,1,4,5,2,1,2,3,5,3,Data,Software Developer
S1406,26,7.43,4,2,2,3,3,1,2,3,2,3,3,5,5,4,3,1,2,2,3,Programming,Data Scientist
S1407,20,6.9,3,4,2,3,3,2,1,2,3,4,3,4,2,1,3,5,0,4,0,Database,Data Analyst
S1408,23,8.39,1,1,2,4,3,5,4,3,5,4,5,5,1,3,2,5,3,3,3,Data,Data Scientist
S1409,25,8.57,4,4,4,5,3,4,4,3,2,5,4,2,1,3,5,5,1,4,3,Programming,Software Developer
S1410,20,7.59,2,4,5,3,4,3,1,4,5,4,1,3,4,5,4,3,0,1,2,Business,Web Developer
S1411,22,7.83,4,4,3,2,4,5,4,1,5,3,2,1,2,3,5,3,0,1,3,Business,Data Scientist
S1412,20,6.5,5,3,5,3,2,5,3,2,2,2,1,2,2,1,1,5,3,5,3,Cloud,Web Developer
S1413,23,7.53,1,1,1,5,2,2,5,5,3,4,4,4,1,2,3,4,2,0,2,Business,Business Analyst
S1414,26,7.75,3,1,3,1,1,4,2,4,5,1,1,5,3,2,1,3,1,5,1,Programming,Data Scientist
S1415,20,10.0,1,4,1,1,2,4,5,1,4,3,3,3,3,3,3,5,2,3,1,Database,Data Scientist
S1416,22,6.8,5,2,4,1,1,1,2,5,4,1,3,5,5,4,3,3,3,0,2,Programming,Data Scientist
S1417,19,9.12,5,4,5,3,1,1,4,5,2,5,4,4,2,3,3,1,2,0,0,Business,Software Developer
S1418,25,8.7,5,3,2,1,1,5,1,3,5,5,5,4,1,2,4,2,3,1,3,Database,Data Scientist
S1419,23,8.05,5,5,3,5,3,2,1,1,2,2,1,1,1,5,5,1,3,1,0,Database,Software Developer
S1420,19,9.38,2,3,2,5,5,4,4,4,4,3,4,2,1,2,3,5,1,5,4,Programming,Software Developer
S1421,19,8.13,3,2,1,3,5,2,2,2,2,2,2,3,4,4,2,2,3,3,0,Cloud,Software Developer
S1422,19,8.15,5,4,2,2,4,3,4,2,5,1,2,1,3,4,3,4,1,1,3,Cloud,Data Analyst
S1423,21,7.75,5,1,2,3,1,4,2,4,5,2,5,5,4,5,5,5,0,3,1,Web,Data Scientist
S1424,25,8.9,4,4,4,1,3,1,4,3,4,1,3,2,1,4,5,4,2,4,3,Programming,Data Scientist
S1425,26,8.79,3,2,4,3,2,5,4,3,1,2,4,3,1,3,4,4,3,5,3,Data,Business Analyst
S1426,24,7.24,1,1,5,5,2,2,4,5,1,5,1,5,2,3,3,3,2,2,3,Security,Web Developer
S1427,25,6.61,3,3,1,3,4,1,1,1,3,3,4,3,2,2,2,3,2,5,0,Web,Web Developer
S1428,21,7.62,3,5,4,3,4,5,2,5,4,2,5,3,3,1,4,2,1,4,1,Programming,Software Developer
S1429,24,7.08,3,5,4,2,1,1,4,2,3,1,4,2,5,3,4,2,2,1,1,Web,Data Scientist
S1430,25,7.74,5,4,5,5,1,4,5,4,4,3,5,5,1,3,3,3,2,2,0,Business,Cybersecurity Analyst
S1431,19,8.91,5,3,3,4,2,2,5,1,5,5,5,1,2,5,3,2,2,2,0,Business,Data Scientist
S1432,23,7.39,2,2,5,4,2,3,1,4,4,5,5,1,3,3,4,1,3,5,0,Business,Business Analyst
S1433,24,7.76,1,5,2,5,2,1,3,1,2,4,4,1,4,2,4,5,2,5,4,Programming,Cybersecurity Analyst
S1434,22,7.85,4,3,2,4,2,2,1,2,3,3,2,3,1,5,4,1,0,0,4,Programming,Data Analyst
S1435,22,8.56,3,4,4,1,5,4,3,2,4,2,1,4,5,3,1,5,1,2,3,Web,Web Developer
S1436,20,5.78,1,1,4,4,1,1,1,1,3,5,5,2,3,2,4,3,0,3,4,Programming,Software Developer
S1437,24,7.25,1,4,5,1,1,4,5,3,4,2,3,1,5,5,5,1,1,1,0,Database,Database Administrator
S1438,23,7.99,2,4,5,5,2,3,4,1,1,2,5,2,1,1,2,4,2,1,0,Programming,Software Developer
S1439,26,8.88,4,3,1,4,3,3,2,2,3,1,4,3,3,2,2,1,1,0,0,Security,Software Developer
S1440,21,7.36,3,5,2,4,2,5,4,4,5,2,5,2,2,3,3,2,3,5,1,Data,Business Analyst
S1441,19,6.11,4,3,5,1,4,5,5,5,5,4,3,1,5,5,4,1,3,5,1,Cloud,Data Scientist
S1442,20,8.36,2,1,3,1,3,5,2,4,4,3,2,1,4,1,2,3,0,0,4,Security,Data Analyst
S1443,22,7.23,5,3,1,3,4,4,3,2,5,3,4,3,4,2,2,3,3,1,2,Cloud,Cybersecurity Analyst
S1444,21,6.73,1,2,5,2,3,5,3,4,5,1,4,3,5,1,5,2,2,0,2,Cloud,Data Analyst
S1445,21,7.24,3,4,4,4,4,2,5,3,3,4,4,5,1,2,5,5,0,2,0,Data,Data Analyst
S1446,19,7.63,5,5,5,2,2,4,2,3,4,4,3,3,1,3,1,2,0,2,1,Database,Database Administrator
S1447,26,7.26,2,1,4,2,2,4,4,1,3,3,4,4,1,2,1,5,0,3,3,Security,Cybersecurity Analyst
S1448,26,5.81,4,4,4,4,3,5,5,4,4,4,2,4,4,3,2,3,3,5,4,Programming,Data Analyst
S1449,24,8.61,1,3,2,1,4,5,3,4,5,5,1,1,4,2,3,3,1,0,1,Data,Business Analyst
S1450,22,8.95,3,2,2,3,5,4,5,2,4,2,1,3,2,5,2,5,3,1,0,Programming,Data Analyst
S1451,26,8.39,5,3,5,5,3,3,4,1,4,2,5,4,1,2,3,1,0,5,0,Programming,Software Developer
S1452,23,6.78,5,4,5,4,3,3,1,1,2,3,1,4,4,2,2,1,1,5,2,Business,Software Developer
S1453,26,7.62,1,1,3,4,1,5,1,4,4,3,3,5,4,4,5,2,0,4,0,Programming,Software Developer
S1454,21,7.79,4,5,1,5,3,3,4,5,2,4,1,3,1,4,4,3,0,1,0,Programming,Software Developer
S1455,19,8.34,2,4,1,2,5,2,2,4,3,1,3,5,1,2,2,1,1,5,3,Security,Cybersecurity Analyst
S1456,23,8.4,4,1,5,3,2,2,5,4,2,3,3,2,4,4,1,3,1,4,4,Cloud,Cloud Engineer
S1457,24,7.14,4,4,2,2,4,2,4,4,3,3,5,5,5,3,3,2,0,4,3,Cloud,Cloud Engineer
S1458,22,7.87,4,2,3,5,1,4,1,3,4,3,1,2,4,4,3,4,0,3,2,Security,Cybersecurity Analyst
S1459,24,8.21,1,3,1,5,4,4,3,1,3,4,5,2,2,2,2,3,3,4,1,Cloud,Cybersecurity Analyst
S1460,21,9.11,1,5,5,3,2,4,4,3,5,5,4,3,3,1,3,4,3,2,2,Business,Data Scientist
S1461,23,8.43,2,1,2,5,3,4,4,5,4,3,2,2,1,1,1,3,3,2,0,Data,Web Developer
S1462,23,8.51,4,5,2,5,5,4,4,2,2,5,1,2,2,2,5,5,2,5,4,Programming,Data Analyst
S1463,23,7.88,1,5,2,3,1,5,1,5,1,4,4,5,5,2,4,4,0,3,0,Programming,Database Administrator
S1464,21,9.07,2,5,4,4,5,3,1,1,4,1,4,3,3,1,4,5,3,1,4,Database,Data Analyst
S1465,21,8.17,2,1,2,2,5,5,4,2,5,2,5,3,4,5,3,5,0,1,4,Business,Data Scientist
S1466,24,7.03,4,1,5,4,5,3,4,5,3,2,5,2,1,4,2,2,2,5,4,Programming,Data Analyst
S1467,20,9.06,3,5,3,4,5,5,2,1,2,2,2,5,4,5,3,2,3,5,1,Web,Web Developer
S1468,24,8.43,4,3,5,2,2,2,3,5,2,2,2,5,2,3,1,1,3,1,2,Data,Database Administrator
S1469,22,7.4,3,4,2,4,5,1,5,2,5,4,2,5,1,1,2,4,0,1,1,Web,Data Analyst
S1470,19,7.37,2,5,3,3,5,4,5,2,5,2,2,5,4,1,5,1,0,2,1,Security,Cybersecurity Analyst
S1471,23,8.07,1,2,1,2,2,1,5,5,4,4,5,1,1,5,1,4,1,2,1,Web,Data Scientist
S1472,20,8.22,5,5,1,1,4,1,1,3,1,1,3,2,2,3,5,2,1,3,3,Cloud,Cybersecurity Analyst
S1473,19,7.98,2,1,5,4,2,2,1,5,1,3,5,2,4,5,2,2,3,3,3,Cloud,Cloud Engineer
S1474,20,8.08,1,4,3,5,3,1,2,5,3,3,3,2,3,3,5,2,1,3,3,Data,Web Developer
S1475,26,9.33,2,2,5,2,2,1,1,5,2,3,5,3,5,2,1,4,3,1,1,Web,Business Analyst
S1476,26,8.76,4,4,3,1,4,2,4,3,4,4,5,3,4,2,1,2,0,1,0,Web,Data Scientist
S1477,25,7.97,3,4,3,5,3,3,3,4,2,4,2,5,1,1,3,1,1,2,3,Programming,Database Administrator
S1478,26,8.65,2,2,5,1,3,5,3,2,4,4,3,3,4,2,2,5,3,2,3,Data,Data Scientist
S1479,24,6.87,1,5,3,4,1,1,3,1,5,1,4,4,1,5,4,4,0,0,1,Programming,Database Administrator
S1480,26,8.16,4,5,2,5,5,4,3,2,3,5,4,2,2,3,4,5,3,0,2,Data,Data Analyst
S1481,21,9.43,5,5,3,4,3,2,5,2,5,4,4,2,5,1,5,1,2,5,0,Database,Business Analyst
S1482,23,7.6,4,3,3,5,3,1,5,4,2,4,2,1,1,2,4,3,1,1,4,Data,Data Analyst
S1483,24,7.04,3,5,5,2,4,3,4,2,3,3,4,1,4,1,4,2,2,5,4,Web,Business Analyst
S1484,19,7.21,4,2,1,3,3,3,2,2,4,2,5,4,2,1,1,1,0,2,0,Business,Database Administrator
S1485,25,6.82,5,3,4,3,4,4,1,3,4,2,2,1,3,3,1,3,3,1,1,Programming,Business Analyst
S1486,25,7.09,1,5,3,1,5,1,1,3,3,1,4,5,4,5,1,4,3,5,2,Security,Cloud Engineer
S1487,25,7.47,2,3,4,5,1,4,5,3,5,2,2,5,5,5,4,1,0,5,2,Programming,Data Analyst
S1488,19,6.53,3,2,3,4,1,3,3,3,3,5,5,2,2,4,5,4,2,4,4,Security,Cybersecurity Analyst
S1489,19,7.81,5,5,5,2,5,3,4,3,5,3,2,5,4,5,2,5,3,0,2,Cloud,Cloud Engineer
S1490,19,8.61,3,1,5,2,5,5,2,1,3,1,4,1,1,2,3,5,2,3,4,Data,Cloud Engineer
S1491,19,6.98,4,2,3,2,2,3,5,4,5,2,2,4,1,4,5,4,2,1,3,Database,Database Administrator
S1492,25,9.17,3,4,5,3,3,2,4,5,1,2,1,5,1,4,1,5,2,4,1,Programming,Software Developer
S1493,25,8.26,5,4,5,4,3,5,4,3,3,3,4,2,4,4,5,5,1,3,2,Data,Data Scientist
S1494,20,8.73,2,2,3,2,3,4,5,4,5,1,5,2,5,4,2,2,2,5,1,Business,Business Analyst
S1495,24,7.21,2,4,1,2,4,3,4,5,2,3,3,1,1,5,1,4,1,4,3,Programming,Software Developer
S1496,23,8.57,3,2,3,1,2,2,3,2,2,1,2,5,4,4,2,4,2,2,0,Cloud,Software Developer
S1497,26,6.82,1,1,1,5,3,5,4,2,3,2,2,1,4,2,3,3,2,2,0,Programming,Cybersecurity Analyst
S1498,26,8.6,3,2,5,5,4,2,2,4,3,3,4,2,5,2,5,2,1,2,0,Cloud,Software Developer
S1499,21,7.95,4,5,1,5,4,5,4,1,4,3,4,4,2,1,3,1,3,5,4,Data,Cloud Engineer
S1500,25,8.3,2,5,5,1,1,5,1,1,5,5,1,5,2,2,4,2,3,3,4,Database,Database Administrator
S1501,21,6.74,2,3,1,3,4,5,4,4,3,3,5,4,4,1,5,1,0,3,0,Web,Data Analyst
S1502,24,6.99,2,4,1,1,5,4,5,1,2,1,2,5,2,2,4,4,0,2,3,Business,Business Analyst
S1503,24,8.34,1,4,3,2,4,5,1,1,2,5,2,2,3,4,2,2,3,5,4,Database,Cloud Engineer
S1504,21,6.95,1,2,1,4,5,5,5,2,2,3,3,5,5,3,4,3,0,3,0,Security,Web Developer
S1505,25,8.22,5,4,5,2,5,2,2,1,5,3,2,2,4,4,2,5,3,2,1,Data,Web Developer
S1506,21,6.57,3,5,3,2,1,5,3,1,1,5,2,3,2,5,3,1,0,1,0,Business,Business Analyst
S1507,26,8.56,3,1,1,4,1,4,2,4,3,2,1,2,2,1,1,5,3,2,0,Business,Database Administrator
S1508,20,6.69,4,2,3,5,4,2,1,1,1,3,3,2,5,3,3,4,1,5,1,Web,Cloud Engineer
S1509,26,8.3,2,4,4,1,1,5,3,3,5,4,2,5,1,2,4,4,0,0,4,Data,Cloud Engineer
S1510,22,8.36,1,5,3,3,1,2,4,3,3,2,2,4,2,4,2,4,1,1,1,Data,Web Developer
S1511,25,7.17,4,3,4,2,3,4,1,4,4,3,5,2,5,1,4,5,1,5,4,Programming,Data Scientist
S1512,25,8.32,4,4,4,2,4,2,3,3,3,2,2,5,1,1,1,4,1,2,3,Cloud,Software Developer
S1513,23,8.03,1,1,3,3,4,4,5,2,3,1,1,2,4,2,5,4,1,0,4,Database,Data Analyst
S1514,19,7.32,3,1,5,1,4,3,3,4,3,2,2,1,1,1,5,5,1,2,2,Cloud,Data Scientist
S1515,22,6.89,2,4,5,2,1,5,5,1,3,5,2,1,2,2,5,4,2,1,4,Programming,Cybersecurity Analyst
S1516,24,6.03,3,4,5,3,1,4,5,3,3,3,4,1,4,2,4,1,1,2,2,Programming,Software Developer
S1517,25,8.11,4,5,2,2,5,5,3,2,5,2,2,1,4,4,5,2,0,3,4,Data,Web Developer
S1518,21,6.39,2,4,4,5,2,4,2,4,3,4,3,4,1,1,2,1,1,2,1,Cloud,Software Developer
S1519,22,7.89,5,3,3,5,2,1,2,4,5,1,4,2,4,5,1,4,0,1,4,Database,Business Analyst
S1520,23,7.56,4,5,5,2,2,1,5,1,3,1,3,1,1,5,3,4,1,4,0,Data,Web Developer
S1521,24,8.41,3,2,5,2,3,1,1,5,3,2,3,5,1,4,2,4,0,2,4,Database,Data Scientist
S1522,19,7.53,3,3,3,5,1,4,3,3,5,5,1,1,1,4,1,4,1,3,1,Database,Web Developer
S1523,19,7.5,3,5,4,2,5,5,1,2,3,1,2,3,5,2,3,5,3,1,1,Web,Database Administrator
S1524,23,8.46,1,5,3,1,5,1,2,4,2,2,3,3,2,5,5,2,2,0,4,Web,Business Analyst
S1525,23,8.1,4,1,2,1,2,5,1,3,3,2,2,4,4,1,3,5,0,4,4,Database,Database Administrator
S1526,21,8.08,2,5,2,4,3,4,4,2,4,1,2,3,3,5,4,5,0,5,4,Programming,Data Scientist
S1527,25,8.22,3,3,3,1,3,5,4,2,5,2,1,5,2,4,4,4,1,2,3,Cloud,Data Analyst
S1528,19,6.42,3,4,4,2,2,5,2,4,3,2,1,1,3,4,5,1,0,1,2,Web,Data Scientist
S1529,24,8.48,1,3,5,2,2,1,1,3,3,4,3,3,1,2,5,1,1,3,4,Database,Database Administrator
S1530,22,8.35,2,2,2,3,1,2,3,2,5,2,3,3,4,1,2,3,2,3,4,Cloud,Cybersecurity Analyst
S1531,24,6.88,4,5,2,1,3,3,2,4,1,2,4,4,2,4,2,2,3,1,2,Database,Business Analyst
S1532,20,7.58,5,5,4,5,5,4,4,3,2,5,2,3,3,1,4,3,3,3,0,Cloud,Software Developer
S1533,20,7.76,1,5,2,5,2,4,2,3,2,1,2,1,3,5,1,5,2,5,3,Security,Data Analyst
S1534,23,7.68,4,5,2,4,1,4,1,4,3,5,1,2,3,2,2,3,1,4,3,Web,Web Developer
S1535,21,8.1,5,1,4,3,5,3,1,3,5,3,1,1,2,5,1,3,1,0,0,Web,Data Scientist
S1536,20,9.09,3,1,3,5,3,2,1,5,4,5,3,3,5,4,4,3,2,3,2,Data,Data Scientist
S1537,19,8.77,3,4,5,4,2,5,5,2,3,3,4,3,1,4,2,2,0,3,2,Database,Data Analyst
S1538,24,6.62,2,5,5,1,2,4,1,2,2,3,4,3,4,1,1,1,0,0,1,Data,Database Administrator
S1539,24,8.36,5,2,2,3,1,5,4,3,3,5,1,4,3,4,1,1,0,4,2,Database,Cybersecurity Analyst
S1540,23,9.0,3,4,5,3,1,1,4,4,5,4,1,5,2,1,2,3,2,4,3,Business,Software Developer
S1541,25,8.15,3,5,3,2,3,1,5,1,4,5,4,1,3,3,5,2,3,4,1,Cloud,Data Scientist
S1542,25,8.78,2,1,2,1,2,1,4,3,1,1,4,3,2,4,3,1,3,5,4,Database,Database Administrator
S1543,22,9.61,4,2,5,3,1,4,4,1,4,5,3,2,5,5,5,4,3,3,4,Programming,Database Administrator
S1544,23,8.72,3,4,1,4,2,3,2,3,3,4,4,4,3,5,3,1,1,3,4,Data,Business Analyst
S1545,26,8.02,1,2,1,5,3,4,1,1,2,5,2,5,3,1,1,1,2,4,1,Data,Data Analyst
S1546,22,8.74,1,5,1,1,2,1,2,3,5,4,4,3,4,3,2,2,0,3,3,Business,Data Analyst
S1547,26,7.93,4,3,1,1,5,1,2,4,3,1,5,1,2,4,4,2,3,2,2,Business,Business Analyst
S1548,25,7.82,5,2,1,3,2,4,4,1,1,2,4,2,2,2,2,1,3,3,1,Cloud,Data Scientist
S1549,23,7.48,2,2,2,3,4,3,3,5,5,4,1,4,5,2,5,4,3,5,3,Business,Data Analyst
S1550,26,9.21,1,1,4,3,4,3,1,4,5,4,1,1,3,5,3,4,1,4,2,Web,Cloud Engineer
S1551,23,7.06,1,5,4,4,3,5,3,3,5,4,5,1,4,4,2,3,1,1,0,Data,Data Analyst
S1552,23,9.18,4,2,2,2,3,2,4,1,3,1,2,4,1,2,3,3,0,4,3,Programming,Data Analyst
S1553,25,8.25,5,5,2,3,3,1,5,2,1,3,4,1,4,1,5,1,3,1,0,Cloud,Cloud Engineer
S1554,22,6.54,5,1,3,2,5,3,2,4,3,4,4,2,4,4,5,1,3,3,4,Web,Cybersecurity Analyst
S1555,22,8.13,4,5,4,2,5,1,4,1,5,1,5,2,4,5,2,1,3,3,4,Security,Cloud Engineer
S1556,23,5.91,1,1,1,1,2,2,4,4,5,2,3,1,4,3,4,4,1,5,3,Programming,Business Analyst
S1557,20,8.36,2,1,2,5,1,1,3,1,2,4,3,3,3,1,4,5,0,1,0,Business,Software Developer
S1558,21,8.6,1,4,1,5,4,3,5,2,4,3,2,1,4,1,3,3,2,4,1,Database,Cybersecurity Analyst
S1559,25,7.27,5,5,4,4,4,5,2,5,3,1,4,3,2,4,2,3,1,0,2,Web,Data Analyst
S1560,21,7.91,1,3,5,4,4,4,5,2,1,2,4,1,2,3,1,5,3,0,4,Cloud,Data Analyst
S1561,21,9.56,2,4,5,5,2,4,5,3,5,3,4,5,4,1,5,1,0,4,4,Database,Data Analyst
S1562,22,7.34,3,1,2,5,2,3,5,4,3,2,1,2,2,3,3,3,0,3,4,Security,Software Developer
S1563,22,6.85,1,3,3,1,3,3,1,5,4,3,3,1,3,5,5,4,2,1,4,Business,Business Analyst
S1564,20,9.13,4,2,1,1,1,2,5,4,3,5,5,2,1,1,3,5,3,1,3,Business,Software Developer
S1565,21,9.57,3,2,2,5,3,1,4,1,4,5,1,4,4,2,2,4,1,4,3,Programming,Data Scientist
S1566,21,7.8,4,4,3,3,2,2,1,3,3,5,1,5,2,5,3,1,1,4,0,Data,Data Scientist
S1567,23,8.71,4,3,1,3,5,4,1,3,2,2,3,3,2,5,3,3,1,2,1,Data,Software Developer
S1568,22,9.01,4,5,4,1,3,1,5,4,3,5,4,4,3,1,1,4,3,5,0,Programming,Business Analyst
S1569,21,7.13,1,3,5,2,2,2,4,3,2,1,2,5,3,2,3,5,3,1,1,Data,Data Analyst
S1570,24,7.36,5,4,3,5,2,4,2,4,4,1,5,4,1,3,4,1,3,5,3,Cloud,Data Scientist
S1571,20,8.91,3,5,1,4,5,1,5,1,5,5,3,2,5,2,3,3,1,2,4,Programming,Data Scientist
S1572,26,9.32,2,5,2,3,5,5,1,1,5,3,2,5,5,5,3,3,3,3,0,Programming,Software Developer
S1573,24,8.31,5,2,1,2,5,5,2,4,3,3,3,4,5,1,2,1,3,1,1,Database,Cybersecurity Analyst
S1574,24,7.01,1,3,2,3,1,2,2,2,1,2,3,3,1,2,3,1,3,5,2,Business,Cloud Engineer
S1575,26,9.59,4,5,5,2,2,3,1,2,3,3,3,5,4,2,1,1,2,4,1,Data,Business Analyst
S1576,25,7.32,2,4,5,5,5,1,2,1,2,4,3,5,5,5,2,4,2,4,0,Business,Business Analyst
S1577,25,7.5,3,2,1,5,1,2,4,5,2,3,4,4,5,3,5,2,3,3,3,Programming,Software Developer
S1578,20,8.11,5,5,1,5,4,3,4,2,4,1,1,1,2,2,4,3,3,5,4,Security,Data Scientist
S1579,24,9.2,5,3,2,1,4,3,5,4,3,3,3,3,2,2,4,4,1,5,2,Programming,Software Developer
S1580,21,8.57,2,2,2,2,4,1,5,1,4,2,2,3,4,4,5,5,0,0,0,Data,Data Analyst
S1581,22,8.17,1,3,3,4,2,1,2,3,1,3,2,4,3,5,3,3,3,2,3,Data,Data Scientist
S1582,20,8.22,3,3,3,4,1,3,1,3,5,2,2,2,1,4,1,2,1,4,1,Data,Data Analyst
S1583,23,7.84,2,3,3,5,1,4,4,2,5,4,1,2,5,5,1,5,1,5,3,Data,Web Developer
S1584,26,8.3,4,2,1,4,4,2,3,5,3,5,1,1,1,5,1,3,0,1,3,Database,Software Developer
S1585,24,5.52,3,5,3,3,3,1,5,2,4,4,2,1,2,4,1,2,1,5,4,Cloud,Cloud Engineer
S1586,20,7.53,5,1,1,2,4,3,4,5,4,1,4,4,1,3,3,1,0,1,0,Database,Cloud Engineer
S1587,19,8.02,2,5,5,2,2,4,2,2,1,4,1,2,2,3,5,2,3,1,3,Data,Database Administrator
S1588,19,6.76,5,2,4,2,4,5,4,3,4,4,1,3,1,5,5,3,2,3,1,Security,Database Administrator
S1589,25,8.15,5,1,5,3,4,3,4,5,2,1,4,2,2,4,4,2,0,0,1,Programming,Cloud Engineer
S1590,26,7.62,5,1,1,1,1,4,2,3,2,1,3,4,1,2,5,3,3,2,4,Web,Software Developer
S1591,22,9.38,1,1,1,3,4,5,5,4,2,5,1,2,5,5,1,3,3,1,3,Web,Data Analyst
S1592,21,9.22,5,4,4,2,5,4,5,4,3,5,2,5,5,5,3,2,2,1,1,Cloud,Data Analyst
S1593,22,7.38,4,2,2,2,5,1,3,1,2,3,2,4,4,1,2,2,1,4,1,Web,Data Scientist
S1594,22,7.66,4,4,2,2,3,3,3,3,2,2,4,5,1,3,2,5,0,0,4,Data,Data Scientist
S1595,22,7.73,3,1,2,4,2,5,5,3,5,1,2,4,3,4,1,5,0,4,3,Web,Cybersecurity Analyst
S1596,26,7.39,5,4,3,1,2,4,5,1,3,4,5,3,4,2,4,4,1,3,4,Database,Software Developer
S1597,22,7.98,5,4,2,3,1,5,5,4,2,4,2,4,1,2,2,3,2,3,3,Security,Web Developer
S1598,23,7.12,2,2,3,2,2,2,5,4,1,5,4,4,3,5,1,5,0,2,1,Business,Software Developer
S1599,26,6.78,1,3,3,5,3,3,4,5,2,2,4,4,5,2,3,4,0,3,0,Data,Business Analyst
S1600,23,8.36,3,4,2,1,5,1,3,5,3,1,4,4,5,2,2,3,1,2,1,Web,Software Developer
S1601,26,8.37,5,4,2,5,1,5,2,4,4,5,5,1,5,5,1,4,3,4,0,Data,Data Scientist
S1602,25,7.08,2,1,4,1,5,4,1,2,5,2,1,5,3,3,2,5,2,1,3,Cloud,Web Developer
S1603,20,8.61,1,1,4,2,3,5,2,3,5,1,3,4,2,1,3,4,3,1,3,Security,Cybersecurity Analyst
S1604,19,7.23,3,1,3,1,1,4,1,5,3,4,2,4,1,3,5,2,3,0,2,Programming,Software Developer
S1605,22,8.03,3,5,4,1,4,5,4,2,2,4,1,1,4,3,5,4,1,3,3,Business,Database Administrator
S1606,25,8.54,5,4,3,2,2,1,3,5,1,5,4,2,4,1,3,1,0,0,3,Data,Data Scientist
S1607,20,7.77,3,1,1,5,3,1,1,1,2,2,1,1,5,5,3,1,1,0,2,Security,Cybersecurity Analyst
S1608,19,8.21,2,2,3,5,1,3,5,3,2,4,1,1,2,3,5,4,3,1,0,Cloud,Data Analyst
S1609,24,7.34,3,5,3,4,5,1,4,5,1,2,5,1,1,4,3,1,1,3,3,Cloud,Cloud Engineer
S1610,21,7.62,4,3,4,5,1,5,1,4,5,5,4,4,1,4,3,4,2,1,4,Security,Software Developer
S1611,23,7.61,2,4,1,5,4,5,5,1,2,3,4,1,4,1,3,4,3,5,3,Web,Software Developer
S1612,24,7.13,1,4,5,1,3,1,4,1,4,2,2,1,4,4,5,4,3,0,3,Security,Cybersecurity Analyst
S1613,26,7.64,1,2,5,4,1,2,1,4,4,2,2,1,4,5,5,1,2,3,1,Database,Database Administrator
S1614,19,6.41,5,3,5,2,3,5,5,1,3,5,2,4,1,2,2,3,1,5,3,Web,Software Developer
S1615,24,7.36,5,3,1,2,3,3,3,3,3,3,2,3,4,5,5,4,1,5,3,Web,Software Developer
S1616,21,7.54,4,5,2,3,5,2,4,5,1,4,1,3,1,1,2,4,1,5,4,Security,Cybersecurity Analyst
S1617,25,7.57,1,4,1,4,2,1,1,1,1,1,1,2,5,2,5,2,0,1,2,Cloud,Business Analyst
S1618,19,7.58,1,1,4,1,4,4,5,3,3,5,2,4,2,4,4,2,3,2,2,Programming,Database Administrator
S1619,24,7.74,1,2,3,3,1,5,3,4,2,1,2,1,4,3,2,5,2,5,2,Programming,Data Scientist
S1620,23,8.23,1,2,3,3,2,4,5,5,5,3,2,1,1,4,3,1,3,2,1,Security,Data Scientist
S1621,23,8.59,3,2,4,2,5,3,3,4,4,3,3,1,5,5,4,3,0,4,3,Data,Data Scientist
S1622,20,7.22,2,2,4,5,2,2,1,5,1,2,2,3,3,5,5,4,3,4,0,Security,Web Developer
S1623,24,6.72,2,1,3,1,3,4,5,1,3,1,3,1,5,1,5,4,2,3,0,Programming,Database Administrator
S1624,22,6.86,4,1,2,4,3,3,5,1,4,1,2,1,2,3,4,1,2,4,4,Business,Data Scientist
S1625,24,7.36,3,5,2,3,4,4,2,5,1,3,4,3,5,3,1,5,3,3,1,Security,Software Developer
S1626,25,7.48,1,4,2,1,1,4,4,3,1,1,5,1,4,2,3,5,0,0,1,Business,Data Scientist
S1627,19,7.11,1,1,4,2,1,3,5,3,2,4,1,2,4,2,2,2,3,2,3,Business,Database Administrator
S1628,19,6.63,5,5,3,3,5,5,3,3,1,3,4,5,3,5,4,1,0,3,0,Database,Data Scientist
S1629,25,7.39,5,3,3,3,4,4,4,2,5,2,5,2,1,1,2,5,1,0,1,Business,Data Scientist
S1630,24,7.96,4,4,3,2,1,3,1,3,1,2,3,4,5,5,5,5,2,2,4,Cloud,Data Scientist
S1631,25,8.34,1,1,1,2,3,4,4,1,5,2,1,2,3,3,1,3,3,1,0,Programming,Software Developer
S1632,21,7.3,4,3,1,2,4,5,2,2,2,1,3,2,4,3,1,2,2,0,1,Programming,Cloud Engineer
S1633,26,7.43,3,5,5,1,2,3,1,3,5,3,3,3,1,5,2,2,2,1,3,Programming,Cybersecurity Analyst
S1634,25,6.97,2,1,1,1,4,4,5,1,4,2,1,4,1,3,5,2,3,4,3,Cloud,Data Scientist
S1635,23,7.77,1,1,2,1,4,1,1,2,1,3,5,2,2,2,1,5,1,3,3,Programming,Database Administrator
S1636,25,7.04,3,3,2,5,1,5,1,1,3,1,1,5,4,3,3,4,2,2,3,Data,Business Analyst
S1637,19,8.32,1,1,2,3,5,4,2,5,3,4,2,2,1,2,5,5,2,4,0,Programming,Cybersecurity Analyst
S1638,23,6.19,5,2,2,1,5,2,3,1,5,4,3,1,2,4,4,5,0,0,0,Security,Cybersecurity Analyst
S1639,19,7.48,4,1,5,5,1,3,1,2,2,4,2,3,2,1,4,1,0,4,1,Data,Cybersecurity Analyst
S1640,20,8.07,5,4,2,3,1,4,3,3,5,1,1,1,4,1,4,2,1,1,4,Web,Web Developer
S1641,22,7.97,2,3,4,1,1,5,4,2,5,2,1,4,1,3,3,2,3,1,2,Programming,Data Analyst
S1642,19,10.0,5,4,4,2,5,5,2,3,5,1,5,4,1,1,5,3,2,5,2,Database,Data Analyst
S1643,23,8.11,1,5,4,4,1,2,5,3,4,3,3,3,5,4,2,2,1,3,3,Web,Data Scientist
S1644,20,6.9,5,4,1,1,2,2,1,4,4,4,4,2,1,3,2,5,3,4,1,Web,Web Developer
S1645,19,7.71,1,2,3,4,2,4,3,5,5,3,1,4,2,2,5,1,0,5,2,Cloud,Database Administrator
S1646,21,6.2,2,2,5,1,3,1,1,4,2,1,4,5,3,4,3,3,2,2,2,Security,Data Analyst
S1647,25,7.73,5,4,4,2,2,5,2,2,1,5,3,3,4,4,5,5,2,1,2,Business,Business Analyst
S1648,22,7.05,4,5,4,4,4,1,5,4,3,5,2,1,3,1,2,5,3,0,2,Security,Data Scientist
S1649,19,8.62,4,1,2,5,3,1,4,3,4,1,3,5,1,2,5,3,1,4,2,Web,Database Administrator
S1650,20,7.31,4,2,4,2,2,4,4,2,1,2,5,3,2,5,4,5,2,2,1,Cloud,Business Analyst
S1651,21,7.69,5,4,2,4,4,3,3,4,4,3,4,5,3,4,5,5,2,2,2,Data,Data Scientist
S1652,24,7.23,5,4,2,4,2,3,4,1,4,1,4,3,4,1,1,1,0,2,2,Database,Data Scientist
S1653,20,9.36,5,4,3,2,4,3,3,5,4,1,2,1,5,4,5,1,1,2,1,Programming,Data Analyst
S1654,25,7.51,1,1,1,2,1,2,5,1,5,5,2,2,3,2,2,1,0,5,0,Business,Cloud Engineer
S1655,20,9.45,2,3,2,2,4,5,1,2,5,4,1,3,5,2,2,2,3,1,0,Data,Cloud Engineer
S1656,21,8.53,4,5,2,3,1,2,2,4,4,4,3,4,1,3,2,3,3,3,0,Programming,Business Analyst
S1657,20,8.23,1,3,3,5,4,5,5,3,4,2,5,1,1,5,4,1,1,4,2,Web,Cybersecurity Analyst
S1658,21,8.13,4,5,2,1,4,5,5,4,3,2,1,1,4,5,2,5,0,1,1,Cloud,Data Analyst
S1659,19,8.15,1,5,5,4,2,5,4,2,1,2,3,5,5,1,1,2,3,3,0,Database,Cloud Engineer
S1660,26,6.07,5,4,1,1,4,4,4,2,1,5,2,4,5,5,5,3,1,2,3,Cloud,Business Analyst
S1661,21,7.55,4,2,5,2,2,3,2,2,2,1,5,5,4,2,3,1,3,0,3,Business,Database Administrator
S1662,21,8.56,5,4,4,5,4,2,1,2,2,2,2,1,3,5,2,1,2,2,1,Business,Business Analyst
S1663,22,7.76,4,1,1,5,5,2,5,4,2,5,2,3,4,1,5,3,2,3,2,Security,Data Scientist
S1664,21,6.54,3,5,4,3,3,4,4,1,5,3,4,4,1,4,4,1,1,3,0,Business,Cybersecurity Analyst
S1665,21,7.75,1,2,2,2,2,5,5,3,5,1,3,1,5,5,5,3,3,0,2,Security,Cybersecurity Analyst
S1666,24,9.33,3,5,3,4,2,3,1,3,3,3,1,4,2,5,2,3,1,5,0,Data,Web Developer
S1667,26,8.92,1,5,5,3,1,1,3,5,5,4,4,3,2,2,2,5,1,1,4,Business,Data Analyst
S1668,19,7.74,2,4,4,2,5,1,1,2,2,4,3,2,1,2,2,3,1,5,4,Security,Data Scientist
S1669,25,8.66,4,2,2,3,1,4,5,2,4,1,3,5,5,4,1,4,2,0,2,Programming,Cloud Engineer
S1670,22,7.47,2,2,5,1,5,3,5,2,2,2,3,5,5,3,5,1,1,2,3,Cloud,Database Administrator
S1671,24,6.27,2,5,5,2,5,1,2,1,3,1,5,1,4,5,3,5,2,4,2,Cloud,Data Scientist
S1672,23,6.97,1,2,4,4,4,1,5,2,4,2,4,1,3,2,1,2,2,1,0,Web,Data Analyst
S1673,26,9.21,3,2,2,4,1,2,4,5,5,4,1,3,4,3,3,4,3,4,2,Web,Cybersecurity Analyst
S1674,19,7.55,5,4,3,2,3,3,2,5,4,1,4,1,2,5,2,3,1,4,2,Business,Business Analyst
S1675,19,7.58,1,3,4,3,5,1,5,1,3,1,2,1,5,5,3,2,3,1,0,Business,Business Analyst
S1676,23,7.53,5,1,5,5,5,2,1,2,5,2,3,1,3,3,3,2,2,2,3,Data,Software Developer
S1677,25,9.51,2,3,5,2,2,3,5,4,1,4,2,4,4,2,1,2,1,5,4,Database,Cybersecurity Analyst
S1678,21,9.26,5,2,1,4,4,5,1,4,2,4,4,4,3,4,1,2,2,3,0,Web,Cloud Engineer
S1679,24,9.8,3,5,2,1,3,3,1,3,2,2,1,2,2,5,5,5,1,2,2,Programming,Software Developer
S1680,20,7.66,1,1,1,4,5,4,5,1,3,2,2,4,3,1,3,5,1,5,1,Database,Data Analyst
S1681,22,8.07,3,1,3,5,2,2,1,4,3,2,2,5,5,1,1,2,0,3,2,Security,Business Analyst
S1682,20,6.44,3,5,4,4,1,5,3,3,2,4,5,2,3,1,5,4,3,3,2,Security,Cybersecurity Analyst
S1683,23,9.13,1,1,5,5,5,2,2,5,4,4,4,1,3,4,3,1,0,1,1,Data,Cybersecurity Analyst
S1684,19,6.75,3,5,2,2,2,2,5,3,1,1,2,5,4,5,3,1,1,1,2,Security,Cloud Engineer
S1685,25,8.0,4,1,5,4,1,1,3,2,1,4,4,2,3,2,2,5,0,0,1,Cloud,Data Analyst
S1686,19,6.81,4,3,1,3,4,3,1,2,3,3,1,2,3,2,1,4,2,5,2,Security,Data Analyst
S1687,22,7.27,4,1,1,3,1,2,1,5,3,3,2,5,2,4,4,4,1,4,3,Web,Data Analyst
S1688,19,7.05,5,4,4,4,5,2,2,1,4,2,1,2,3,5,1,3,1,4,4,Cloud,Software Developer
S1689,19,7.25,3,5,2,4,3,4,3,2,3,2,2,5,4,3,2,5,1,4,3,Web,Data Scientist
S1690,22,7.31,1,1,2,1,1,4,3,2,1,2,3,2,4,3,5,4,0,4,0,Database,Database Administrator
S1691,24,7.31,1,5,4,4,3,4,5,3,2,1,5,2,5,5,1,4,3,0,0,Web,Data Analyst
S1692,24,8.55,5,4,1,1,3,2,1,3,1,3,5,2,2,5,3,1,3,3,2,Data,Data Analyst
S1693,22,6.81,1,1,1,1,1,5,4,3,4,3,5,5,1,2,4,4,3,0,0,Database,Data Scientist
S1694,25,8.0,4,1,1,1,4,3,5,4,2,4,1,2,5,4,5,4,0,5,0,Data,Data Scientist
S1695,23,8.9,3,4,5,1,1,2,5,5,2,3,4,4,3,4,1,2,2,1,2,Cloud,Data Analyst
S1696,26,7.34,1,4,3,2,2,1,5,1,1,4,5,4,2,2,5,1,0,2,2,Database,Software Developer
S1697,19,7.15,1,4,1,3,3,5,2,3,2,1,2,4,5,1,3,1,3,3,4,Security,Web Developer
S1698,25,7.59,2,5,3,1,5,5,2,1,2,2,2,4,4,3,4,2,0,3,1,Business,Cloud Engineer
S1699,19,8.86,2,4,3,3,3,3,5,3,3,2,3,4,2,5,3,1,2,0,2,Business,Data Scientist
S1700,26,7.97,2,5,2,1,5,5,4,2,2,4,1,1,2,3,4,3,1,1,4,Programming,Cybersecurity Analyst
S1701,23,7.32,3,3,4,3,2,3,3,1,4,5,2,2,3,3,5,3,1,1,3,Security,Software Developer
S1702,24,8.24,4,1,5,4,2,5,3,4,2,4,2,3,2,4,1,5,3,5,0,Cloud,Cybersecurity Analyst
S1703,25,6.81,4,1,3,4,2,3,1,3,3,1,3,1,2,2,4,1,3,3,1,Programming,Software Developer
S1704,21,8.41,4,2,5,3,1,4,3,5,5,3,3,5,1,1,3,1,2,0,3,Web,Data Scientist
S1705,21,8.17,3,3,2,1,3,4,3,2,5,4,4,1,3,1,4,3,0,4,2,Web,Web Developer
S1706,26,7.52,3,4,1,2,5,5,4,3,4,1,4,3,2,2,5,5,2,3,3,Programming,Software Developer
S1707,21,7.05,2,4,3,3,2,5,3,1,4,2,4,1,2,3,5,5,2,4,4,Web,Software Developer
S1708,24,7.0,1,3,4,5,2,3,4,3,2,5,2,2,1,2,5,3,1,2,2,Security,Software Developer
S1709,26,8.28,5,4,2,2,5,3,2,2,2,5,3,4,1,2,1,3,0,1,2,Data,Data Scientist
S1710,24,8.91,5,2,5,5,3,2,4,5,5,4,1,2,4,5,5,2,1,3,1,Business,Cloud Engineer
S1711,23,7.23,1,5,1,3,3,4,2,5,5,3,4,1,3,5,1,5,1,2,4,Database,Business Analyst
S1712,19,8.21,2,1,5,1,5,2,4,5,1,4,5,3,1,3,2,5,2,4,0,Security,Cybersecurity Analyst
S1713,23,5.92,1,3,4,5,4,2,5,2,5,5,2,5,2,4,4,2,1,3,3,Web,Business Analyst
S1714,23,7.27,1,1,3,3,3,1,2,3,5,5,1,2,1,1,3,3,3,2,1,Data,Business Analyst
S1715,24,7.77,5,5,4,2,5,3,2,2,4,2,2,3,5,5,1,2,3,3,1,Security,Cloud Engineer
S1716,26,6.98,2,3,5,1,5,1,3,2,1,3,4,5,4,3,1,2,1,2,2,Business,Data Scientist
S1717,26,6.96,3,5,5,5,2,1,2,3,1,3,2,4,4,2,3,4,1,2,3,Web,Business Analyst
S1718,21,7.2,5,4,4,3,5,2,4,4,2,5,4,2,3,5,4,5,0,4,1,Security,Data Scientist
S1719,20,8.06,3,4,4,1,1,1,5,5,2,5,2,2,4,2,5,3,3,1,2,Web,Data Scientist
S1720,19,7.63,2,4,4,1,2,3,5,1,1,4,4,4,3,2,4,4,0,0,2,Cloud,Cloud Engineer
S1721,24,5.79,1,5,1,4,2,2,3,1,1,4,3,4,5,5,1,4,1,2,4,Programming,Business Analyst
S1722,21,5.89,4,5,5,1,3,3,4,3,2,2,3,1,2,3,5,4,3,1,2,Web,Web Developer
S1723,25,7.25,4,5,2,3,4,5,4,1,4,5,3,5,5,1,2,3,2,5,0,Business,Data Analyst
S1724,20,8.21,2,1,1,2,3,1,1,4,4,4,3,3,3,3,3,2,2,0,4,Security,Data Scientist
S1725,20,5.33,4,5,1,4,1,2,2,2,4,2,3,4,3,4,4,3,1,4,4,Database,Data Scientist
S1726,24,7.35,3,4,1,3,2,4,3,5,4,3,5,1,3,4,5,5,0,3,0,Business,Data Scientist
S1727,22,7.33,4,2,2,3,2,3,5,1,2,5,2,5,2,1,3,5,2,1,0,Web,Data Scientist
S1728,19,9.05,2,5,4,3,5,1,1,1,3,1,3,5,3,4,4,2,2,3,1,Web,Cloud Engineer
S1729,20,7.45,2,2,5,5,4,3,4,3,5,5,5,2,5,2,1,3,3,3,1,Business,Cloud Engineer
S1730,24,8.14,3,4,3,5,4,3,2,3,5,4,5,1,2,4,1,2,0,0,0,Security,Web Developer
S1731,24,7.93,4,5,3,2,5,5,5,2,5,5,2,1,5,5,1,2,0,5,1,Security,Data Analyst
S1732,21,5.88,4,1,5,3,1,3,1,5,5,1,2,2,2,2,2,3,2,1,0,Data,Data Scientist
S1733,25,8.49,1,1,2,5,4,5,4,1,2,5,4,3,3,3,1,5,1,2,0,Database,Cloud Engineer
S1734,22,7.99,5,2,3,5,2,5,5,2,3,4,4,4,2,1,1,3,2,5,2,Business,Cloud Engineer
S1735,19,8.26,2,1,1,5,1,5,5,5,2,3,3,2,1,5,1,5,0,0,1,Business,Database Administrator
S1736,26,10.0,1,1,3,2,3,1,4,2,3,4,1,4,5,5,5,1,3,1,4,Web,Data Analyst
S1737,23,5.92,2,1,5,2,3,3,4,1,2,2,4,1,1,1,3,1,0,2,4,Cloud,Software Developer
S1738,25,9.35,1,4,1,3,1,3,3,3,1,4,1,2,1,4,2,1,3,3,1,Programming,Data Scientist
S1739,25,7.54,5,1,3,4,2,5,5,3,3,2,4,3,3,1,4,4,3,4,1,Business,Database Administrator
S1740,21,8.06,1,3,5,3,3,3,4,3,5,5,5,4,3,1,2,5,3,4,1,Web,Data Analyst
S1741,26,7.76,2,5,2,5,2,3,1,4,3,2,5,4,1,4,3,5,0,0,1,Security,Cloud Engineer
S1742,20,7.42,4,1,5,5,5,5,2,2,4,5,5,4,2,3,1,3,0,5,2,Data,Data Scientist
S1743,20,7.29,2,1,2,1,4,4,3,1,3,2,1,1,3,1,1,5,1,2,0,Web,Data Scientist
S1744,21,8.1,3,1,1,3,1,4,4,2,4,4,3,4,5,4,4,3,2,2,1,Cloud,Database Administrator
S1745,24,6.43,3,3,5,5,4,5,2,3,4,1,4,5,1,5,2,4,0,4,1,Security,Web Developer
S1746,20,8.48,3,1,4,5,5,1,3,2,1,5,4,4,5,1,2,3,3,2,0,Cloud,Cloud Engineer
S1747,22,7.43,3,1,4,4,3,3,5,5,3,2,1,1,5,1,4,1,0,1,0,Cloud,Data Scientist
S1748,19,6.78,5,5,4,1,2,3,2,2,1,1,5,2,5,3,2,3,0,1,0,Business,Business Analyst
S1749,25,7.39,4,3,4,3,2,4,3,4,5,2,3,4,1,3,2,3,2,4,3,Programming,Data Analyst
S1750,25,8.93,4,3,4,2,5,5,4,4,3,2,4,4,4,5,2,3,0,3,4,Programming,Business Analyst
S1751,22,7.32,2,1,2,3,1,1,4,3,2,2,3,2,3,3,4,5,3,3,1,Business,Business Analyst
S1752,26,8.12,1,3,5,3,4,5,3,1,2,4,3,5,5,5,4,2,2,3,2,Web,Data Scientist
S1753,20,7.14,2,2,1,4,3,4,5,5,2,2,2,1,1,1,3,2,1,4,2,Programming,Software Developer
S1754,25,8.48,2,3,4,3,1,4,3,1,4,1,3,2,4,4,2,2,3,0,0,Web,Software Developer
S1755,23,8.42,2,3,4,4,5,3,1,1,2,2,2,1,1,3,3,5,3,2,2,Web,Web Developer
S1756,26,9.46,2,3,1,4,5,2,3,5,5,3,1,2,3,5,5,1,0,1,4,Business,Data Analyst
S1757,19,7.64,4,4,1,5,2,1,3,4,3,5,5,3,1,3,5,2,1,5,1,Database,Software Developer
S1758,19,8.4,1,4,4,2,3,1,4,3,3,4,2,5,2,3,2,2,2,1,2,Security,Cybersecurity Analyst
S1759,25,7.89,2,4,2,4,1,2,5,2,4,3,3,3,2,2,1,4,1,5,4,Database,Database Administrator
S1760,21,8.97,4,3,1,1,2,4,3,4,4,3,5,2,5,1,5,4,0,0,4,Security,Web Developer
S1761,26,7.15,2,2,5,1,3,5,2,3,4,1,3,2,1,3,1,1,1,2,3,Data,Data Scientist
S1762,25,8.47,3,3,5,2,4,1,4,4,5,1,3,1,1,4,3,3,3,3,3,Database,Data Analyst
S1763,21,7.62,2,1,2,4,4,2,4,5,3,4,2,2,5,2,2,3,3,5,2,Programming,Data Analyst
S1764,25,7.74,2,2,3,2,2,3,3,1,1,4,1,1,5,5,3,4,1,1,4,Business,Data Scientist
S1765,23,7.88,5,4,2,5,1,3,2,5,4,5,3,1,4,5,3,4,1,3,0,Data,Cloud Engineer
S1766,26,8.03,3,5,4,1,3,4,3,2,2,2,2,2,1,4,4,1,3,3,3,Business,Database Administrator
S1767,24,7.7,1,2,3,3,4,1,2,5,1,4,3,1,3,4,2,1,1,4,4,Cloud,Cloud Engineer
S1768,19,7.99,2,4,4,1,4,5,4,1,1,4,5,5,3,1,4,5,3,4,3,Web,Software Developer
S1769,25,9.22,1,2,5,4,1,1,2,4,4,2,1,3,3,4,3,3,1,2,1,Database,Data Scientist
S1770,23,8.69,3,2,1,2,2,3,3,3,2,5,3,2,5,5,1,5,2,1,4,Web,Data Scientist
S1771,21,8.58,2,3,4,1,5,1,1,2,4,1,1,1,5,1,2,2,2,4,4,Security,Database Administrator
S1772,21,7.39,5,1,5,3,3,3,1,4,4,5,1,1,5,4,2,1,0,2,1,Cloud,Cloud Engineer
S1773,19,7.0,4,5,2,3,4,2,2,3,2,2,5,1,3,4,5,3,3,0,3,Web,Cybersecurity Analyst
S1774,22,8.66,5,4,4,2,5,2,3,1,1,1,5,1,4,5,1,3,2,3,1,Web,Web Developer
S1775,25,8.59,5,2,5,2,1,3,5,5,1,1,4,5,2,1,1,5,3,1,2,Cloud,Web Developer
S1776,26,9.13,4,5,1,1,2,5,1,4,2,1,1,2,1,2,3,4,2,1,0,Cloud,Cloud Engineer
S1777,20,7.26,4,2,4,4,3,5,4,3,1,5,3,2,2,2,3,4,0,2,3,Web,Web Developer
S1778,21,7.59,4,1,5,5,1,1,3,3,5,2,5,5,1,1,3,1,3,4,4,Cloud,Business Analyst
S1779,26,6.32,2,5,4,3,2,3,3,5,4,5,3,5,5,4,5,4,2,3,2,Programming,Software Developer
S1780,26,7.45,1,4,1,2,1,4,1,4,5,5,1,5,3,4,1,2,3,3,3,Cloud,Business Analyst
S1781,24,8.7,1,2,4,5,4,5,5,4,5,3,5,2,2,1,4,3,0,1,0,Data,Web Developer
S1782,26,7.38,4,1,4,5,4,5,4,1,5,4,4,4,5,2,1,4,0,1,4,Data,Data Scientist
S1783,26,8.38,5,5,5,5,5,2,5,4,3,5,1,3,1,3,4,1,2,3,1,Web,Cybersecurity Analyst
S1784,24,7.63,3,2,3,4,1,5,4,5,3,3,3,5,2,5,2,2,1,0,0,Web,Business Analyst
S1785,21,8.09,4,2,4,2,4,5,1,4,5,2,4,5,2,1,4,5,0,2,3,Security,Web Developer
S1786,26,6.77,5,4,3,3,2,5,3,1,4,3,1,2,2,3,2,5,1,0,4,Cloud,Cloud Engineer
S1787,22,7.88,5,1,2,2,5,3,4,3,5,5,5,2,2,5,3,2,0,4,3,Database,Data Scientist
S1788,22,5.11,2,3,4,1,3,3,3,4,5,2,1,3,2,3,1,1,2,0,0,Data,Data Scientist
S1789,23,7.63,2,2,3,3,1,2,2,5,3,3,2,1,5,3,3,5,1,0,4,Security,Data Analyst
S1790,24,6.33,1,5,2,2,4,1,2,4,5,5,3,2,1,5,1,3,3,4,0,Web,Software Developer
S1791,23,8.89,1,4,5,3,2,5,1,2,4,2,5,3,1,3,4,3,0,5,3,Database,Database Administrator
S1792,24,8.5,3,4,4,1,1,1,1,1,4,2,5,2,4,2,1,1,2,5,4,Business,Cybersecurity Analyst
S1793,25,8.22,3,2,5,3,2,3,1,3,5,4,2,2,3,1,4,1,3,2,4,Business,Cloud Engineer
S1794,25,9.17,3,2,2,5,5,5,2,2,4,5,4,2,2,2,1,3,1,3,4,Programming,Data Scientist
S1795,26,6.95,3,2,5,4,4,1,4,5,5,4,5,4,1,2,2,1,2,0,3,Cloud,Data Scientist
S1796,20,9.37,5,3,5,1,4,1,5,4,3,2,4,4,3,5,4,2,3,2,2,Security,Data Scientist
S1797,25,8.64,5,2,1,3,5,4,1,1,5,2,4,5,3,5,3,1,2,4,3,Programming,Business Analyst
S1798,20,7.59,1,1,2,1,2,3,5,4,1,3,4,4,5,5,3,3,1,5,1,Database,Database Administrator
S1799,25,8.82,2,5,5,5,1,2,5,4,3,4,1,3,2,3,3,4,3,2,2,Database,Data Scientist
S1800,19,6.8,2,2,3,4,2,2,2,4,4,1,2,2,4,3,3,1,0,5,3,Database,Database Administrator
S1801,25,7.06,4,3,2,1,1,4,4,4,4,5,3,4,3,1,2,5,0,0,1,Business,Data Scientist
S1802,23,7.25,5,5,1,5,5,1,2,1,3,4,2,2,5,3,2,2,2,3,0,Web,Cloud Engineer
S1803,21,7.32,3,4,4,5,3,4,1,2,1,2,5,1,2,1,5,2,0,4,1,Data,Cybersecurity Analyst
S1804,26,6.85,3,2,5,5,1,4,2,5,3,3,2,5,1,2,5,2,1,4,4,Security,Data Scientist
S1805,23,8.9,4,5,3,3,4,3,2,2,2,5,3,4,4,1,5,5,1,0,2,Security,Business Analyst
S1806,21,7.57,2,4,1,2,4,5,2,1,1,5,1,2,2,1,5,5,3,5,3,Web,Cybersecurity Analyst
S1807,22,8.12,3,3,2,1,4,1,1,5,3,3,5,1,5,5,1,2,3,2,3,Web,Business Analyst
S1808,23,7.29,2,1,5,2,2,2,1,3,2,2,1,5,5,3,4,2,3,3,4,Data,Business Analyst
S1809,22,6.16,4,2,1,5,2,2,2,2,5,1,5,5,5,4,3,2,2,4,2,Data,Cloud Engineer
S1810,20,8.04,2,1,1,2,2,4,2,1,1,3,3,1,5,4,1,1,2,0,2,Data,Data Scientist
S1811,20,6.08,2,3,3,5,4,4,5,1,5,1,1,4,5,5,2,5,1,0,4,Programming,Database Administrator
S1812,19,7.74,2,5,4,5,1,4,4,1,2,4,3,4,4,2,3,3,1,1,2,Programming,Software Developer
S1813,25,6.57,3,5,4,4,4,1,5,5,4,5,3,2,3,2,4,1,2,5,4,Web,Business Analyst
S1814,23,9.59,1,3,4,4,1,4,4,4,4,2,2,3,3,2,4,3,3,1,1,Database,Cybersecurity Analyst
S1815,22,8.62,5,3,2,2,2,4,4,3,4,1,5,2,1,1,2,1,2,2,4,Database,Business Analyst
S1816,21,7.9,2,2,1,1,3,5,2,5,5,2,4,2,3,3,3,1,3,0,3,Security,Data Scientist
S1817,20,8.94,2,4,2,2,2,1,5,5,1,4,4,2,5,2,5,3,1,5,0,Programming,Data Scientist
S1818,25,7.04,2,1,1,1,5,3,4,2,5,1,1,1,3,4,3,2,3,2,1,Web,Data Analyst
S1819,20,8.29,1,1,3,2,1,3,4,3,5,2,3,5,3,1,3,3,2,2,3,Business,Database Administrator
S1820,21,7.98,4,5,3,3,3,5,1,1,4,2,2,5,5,2,4,4,0,3,1,Business,Software Developer
S1821,25,8.04,3,5,2,3,2,2,4,5,5,4,5,3,4,2,2,5,1,1,3,Programming,Data Scientist
S1822,25,8.95,1,2,2,1,3,3,2,3,2,3,1,4,5,3,3,4,1,2,2,Data,Data Analyst
S1823,22,8.46,2,3,3,4,4,1,3,2,3,4,3,2,3,3,1,1,2,3,4,Business,Business Analyst
S1824,22,8.06,1,1,5,1,1,2,1,4,3,1,4,1,3,1,1,3,2,3,3,Web,Web Developer
S1825,23,6.31,1,2,4,2,5,4,3,3,3,1,4,1,1,4,2,2,1,5,3,Business,Data Analyst
S1826,23,6.94,1,5,4,5,4,1,2,1,4,5,5,2,5,5,5,2,2,1,2,Data,Web Developer
S1827,24,7.69,4,5,3,3,3,2,3,5,4,2,5,1,1,4,3,4,3,1,0,Cloud,Data Analyst
S1828,26,7.88,5,1,4,5,2,3,4,4,3,1,5,1,1,3,3,4,3,0,0,Business,Software Developer
S1829,24,6.78,3,5,5,3,1,4,3,2,1,3,1,2,2,3,4,1,3,2,4,Security,Web Developer
S1830,19,9.97,4,5,5,2,5,4,5,1,3,3,5,3,1,5,3,5,0,3,2,Data,Data Scientist
S1831,20,9.16,4,4,1,3,2,1,2,4,5,4,1,1,3,4,5,1,2,0,1,Security,Data Scientist
S1832,23,8.34,5,3,2,1,5,4,5,2,3,1,2,5,3,4,3,2,3,5,3,Web,Data Analyst
S1833,22,7.86,4,5,4,5,1,2,3,1,3,1,3,5,2,5,3,3,1,2,4,Database,Web Developer
S1834,21,7.61,1,4,5,5,3,5,5,5,1,5,4,5,2,3,4,4,3,2,0,Database,Business Analyst
S1835,22,6.94,1,2,2,2,5,3,1,2,4,5,1,2,5,1,1,2,3,0,1,Cloud,Cloud Engineer
S1836,20,7.87,2,5,2,5,1,1,3,4,4,5,3,5,2,4,1,1,2,3,2,Security,Software Developer
S1837,24,8.03,4,2,1,2,5,5,5,1,5,1,5,4,4,2,5,5,1,0,3,Database,Business Analyst
S1838,22,6.68,2,5,2,4,2,5,4,3,3,4,4,1,3,4,2,3,0,2,3,Business,Software Developer
S1839,26,8.1,3,1,2,1,5,1,3,1,2,4,1,3,3,4,2,5,1,0,0,Programming,Cybersecurity Analyst
S1840,19,7.66,1,4,3,3,2,2,1,4,5,4,5,5,2,4,4,1,3,0,0,Business,Business Analyst
S1841,20,6.08,3,4,1,3,2,3,4,4,4,4,3,2,2,3,3,1,0,5,4,Business,Data Scientist
S1842,24,7.03,5,1,1,3,1,1,3,3,1,3,2,3,3,2,4,2,0,2,3,Web,Data Scientist
S1843,26,7.43,1,3,4,4,4,5,4,4,4,1,3,2,2,4,1,3,0,1,3,Cloud,Business Analyst
S1844,21,9.5,3,4,2,1,5,5,3,1,4,2,1,3,5,1,5,1,0,5,3,Programming,Software Developer
S1845,24,8.3,5,2,4,5,3,1,3,2,1,1,2,3,2,2,2,2,0,3,3,Database,Software Developer
S1846,25,6.6,3,4,5,5,2,5,2,1,3,4,2,1,2,5,3,1,2,2,1,Programming,Business Analyst
S1847,26,8.24,5,3,2,1,4,1,5,4,3,3,5,3,5,1,2,2,3,5,2,Business,Business Analyst
S1848,26,6.41,5,2,5,1,2,1,3,3,4,3,3,4,5,5,1,5,0,5,1,Cloud,Data Scientist
S1849,19,8.77,1,2,3,3,4,3,1,3,5,1,1,4,5,4,3,2,3,1,2,Data,Data Scientist
S1850,20,7.38,2,1,2,5,4,1,5,5,2,2,2,4,3,3,1,5,2,0,1,Cloud,Data Analyst
S1851,21,7.72,5,5,4,1,3,5,2,3,5,4,5,2,2,4,2,4,2,1,4,Cloud,Business Analyst
S1852,19,8.99,5,1,4,5,4,4,5,3,5,3,2,1,5,4,2,1,2,2,2,Database,Data Scientist
S1853,24,6.64,1,5,2,1,3,3,5,4,4,4,3,2,5,5,1,4,1,5,3,Database,Cybersecurity Analyst
S1854,19,6.54,2,1,4,2,1,5,3,2,4,4,4,5,3,4,3,3,1,5,2,Cloud,Software Developer
S1855,26,7.27,4,5,2,3,2,5,1,2,2,4,1,4,4,1,1,4,0,2,3,Security,Cybersecurity Analyst
S1856,20,8.73,4,4,1,1,3,3,3,4,2,5,4,1,2,3,3,2,2,0,4,Data,Cybersecurity Analyst
S1857,23,6.43,2,2,4,4,2,3,1,3,2,4,3,4,4,5,4,2,1,5,2,Database,Web Developer
S1858,19,5.25,3,5,2,1,5,5,1,1,4,4,4,1,4,2,4,3,2,2,0,Database,Business Analyst
S1859,25,7.39,1,4,2,2,1,4,4,2,4,2,3,2,5,4,3,3,1,4,3,Web,Data Analyst
S1860,19,8.3,2,3,4,4,5,2,3,4,5,2,3,2,3,5,1,1,2,1,2,Programming,Business Analyst
S1861,24,8.88,4,1,1,4,5,5,2,1,4,5,5,4,2,4,3,2,1,4,1,Business,Cloud Engineer
S1862,24,7.38,5,3,4,1,4,3,5,3,3,5,4,3,2,4,2,3,3,4,2,Security,Cloud Engineer
S1863,21,7.43,4,4,2,2,4,1,4,4,3,4,2,1,2,5,1,4,0,1,3,Data,Web Developer
S1864,24,8.84,5,3,1,4,5,1,2,2,2,3,3,5,4,1,3,2,0,2,0,Cloud,Web Developer
S1865,22,6.12,1,3,5,3,4,3,3,1,4,3,4,3,1,2,2,3,3,1,0,Business,Data Scientist
S1866,20,7.45,5,4,3,3,2,3,1,1,3,1,2,2,3,4,5,1,0,0,1,Database,Database Administrator
S1867,20,7.97,2,2,4,5,4,2,3,2,5,3,1,1,1,1,2,5,2,4,4,Business,Data Analyst
S1868,23,8.2,5,5,2,5,5,3,3,1,1,3,2,3,4,4,3,2,0,5,0,Security,Software Developer
S1869,23,7.34,3,1,1,2,4,1,4,2,5,2,4,5,5,4,1,2,0,4,4,Security,Data Scientist
S1870,20,7.83,2,5,1,4,4,4,2,4,1,1,4,3,1,1,1,2,1,2,3,Database,Cloud Engineer
S1871,25,5.56,1,1,5,3,3,3,4,5,5,1,2,5,1,4,4,2,1,1,2,Database,Database Administrator
S1872,23,7.21,2,5,4,3,3,2,2,3,3,2,2,2,3,2,3,5,3,5,4,Programming,Software Developer
S1873,21,8.21,3,3,1,2,5,4,4,4,4,3,3,1,4,5,2,5,1,3,3,Web,Data Scientist
S1874,24,6.92,1,2,5,4,2,2,5,3,1,3,4,2,3,1,2,1,3,5,3,Data,Data Scientist
S1875,20,7.85,4,3,2,2,1,4,1,3,4,1,3,1,5,3,3,2,0,2,3,Business,Cloud Engineer
S1876,26,8.2,3,2,5,1,1,3,1,2,4,3,3,3,2,4,2,3,1,2,1,Business,Business Analyst
S1877,23,7.49,1,4,4,3,5,1,1,5,3,1,1,2,4,5,5,4,1,2,1,Data,Data Analyst
S1878,20,7.95,5,1,5,2,2,4,5,3,2,3,4,1,5,2,4,2,0,1,4,Data,Data Analyst
S1879,22,6.93,2,1,1,2,2,5,5,3,2,4,3,5,5,2,1,5,1,2,3,Database,Data Analyst
S1880,19,7.61,1,4,1,1,2,2,1,4,1,2,1,1,1,3,2,1,2,0,4,Cloud,Data Scientist
S1881,24,8.35,2,5,3,5,3,4,1,5,3,5,3,2,3,2,5,2,1,0,0,Cloud,Software Developer
S1882,20,7.94,5,4,5,3,5,2,2,5,4,4,3,2,1,5,3,1,2,4,4,Security,Database Administrator
S1883,19,7.27,1,4,2,2,1,1,2,3,5,3,4,3,1,3,2,3,3,4,2,Business,Business Analyst
S1884,23,8.0,4,2,4,3,2,2,3,5,5,5,2,5,2,1,3,3,1,1,3,Web,Data Analyst
S1885,19,8.44,3,4,3,5,5,2,4,4,1,4,2,1,3,3,5,3,1,3,4,Programming,Data Scientist
S1886,24,5.96,1,1,5,2,1,5,2,2,1,2,4,2,2,1,5,3,2,4,1,Business,Data Analyst
S1887,20,8.84,5,3,2,1,3,2,2,3,1,5,2,1,5,2,1,4,0,4,2,Database,Cybersecurity Analyst
S1888,22,7.5,1,2,3,3,4,4,2,1,3,5,5,4,2,5,3,1,3,4,4,Programming,Business Analyst
S1889,25,8.18,2,2,1,1,1,2,2,3,5,2,2,5,5,4,4,2,3,5,4,Web,Web Developer
S1890,23,8.88,1,5,4,5,1,3,5,3,3,4,3,5,1,3,1,4,2,4,4,Data,Data Scientist
S1891,20,6.57,4,3,5,5,1,2,3,2,3,5,3,4,2,2,3,2,0,2,1,Web,Data Scientist
S1892,24,7.16,1,2,2,3,4,3,2,1,4,2,1,5,3,5,3,5,1,4,4,Programming,Data Scientist
S1893,23,7.54,3,4,1,5,2,2,4,1,3,4,4,4,2,4,5,4,0,5,0,Cloud,Software Developer
S1894,21,7.09,1,2,3,4,4,2,2,1,3,3,1,1,5,3,5,4,0,1,0,Web,Business Analyst
S1895,19,9.36,2,2,4,3,1,4,5,2,4,1,3,4,4,5,3,5,2,5,0,Security,Database Administrator
S1896,25,7.03,1,2,3,4,3,3,1,5,2,3,3,3,3,2,5,4,0,2,4,Cloud,Cloud Engineer
S1897,24,7.3,4,5,3,5,1,3,1,1,4,3,1,4,5,3,3,1,0,5,2,Security,Business Analyst
S1898,21,7.98,5,2,2,3,3,5,3,5,1,1,5,1,4,3,3,3,2,2,1,Security,Data Scientist
S1899,26,6.72,1,2,1,4,5,2,1,4,2,3,2,5,3,1,1,2,0,1,0,Database,Cloud Engineer
S1900,20,7.44,1,5,5,5,3,2,2,2,5,3,5,3,4,1,1,5,0,3,0,Web,Business Analyst
S1901,22,8.09,3,3,2,2,1,4,5,5,3,2,5,4,1,3,4,3,3,4,2,Security,Software Developer
S1902,23,7.5,4,1,4,2,4,5,3,1,2,2,5,1,1,5,1,4,2,0,0,Business,Business Analyst
S1903,19,7.72,5,5,3,1,1,5,2,1,5,4,5,3,2,2,2,1,2,3,1,Data,Software Developer
S1904,23,7.32,2,5,4,2,1,4,1,5,4,5,2,3,2,4,2,4,2,4,2,Web,Database Administrator
S1905,25,6.44,1,2,2,4,5,3,4,5,4,4,4,3,2,1,5,5,0,0,3,Programming,Data Analyst
S1906,20,8.09,5,2,2,2,2,1,2,4,1,2,1,4,2,2,2,4,3,2,1,Data,Data Analyst
S1907,23,9.38,2,1,5,3,1,4,4,2,1,2,5,1,4,3,1,1,3,5,1,Cloud,Software Developer
S1908,19,7.82,4,2,3,3,5,3,4,3,2,1,5,1,3,2,4,4,1,2,4,Web,Software Developer
S1909,20,8.0,4,4,2,3,4,5,3,4,3,1,1,1,3,2,3,4,2,2,3,Programming,Business Analyst
S1910,23,8.42,5,2,4,2,5,4,5,4,4,2,1,2,2,2,4,4,3,4,3,Programming,Software Developer
S1911,22,6.66,2,2,5,2,5,1,1,4,2,3,4,5,1,3,1,4,3,1,2,Web,Business Analyst
S1912,24,9.33,4,4,4,1,3,2,1,1,2,4,3,1,5,1,1,1,3,2,0,Data,Database Administrator
S1913,20,7.98,5,1,3,5,2,4,2,5,2,2,4,2,2,4,1,2,2,2,3,Business,Business Analyst
S1914,24,9.27,4,4,5,1,2,1,1,2,1,2,3,2,2,5,5,3,0,2,2,Programming,Database Administrator
S1915,26,7.14,4,5,5,4,4,1,3,1,4,1,2,3,1,1,2,5,1,5,3,Web,Database Administrator
S1916,20,9.44,4,4,5,3,5,4,1,4,1,4,4,5,5,4,1,2,1,4,1,Web,Software Developer
S1917,22,8.5,3,3,1,2,4,3,2,2,1,4,2,3,4,3,3,1,0,0,3,Business,Database Administrator
S1918,24,8.3,2,5,5,5,4,4,1,1,2,5,1,5,4,4,2,5,2,3,0,Security,Software Developer
S1919,21,8.01,5,2,4,5,2,5,5,3,5,2,4,3,5,3,2,5,3,2,2,Web,Data Analyst
S1920,19,7.58,5,5,4,2,2,1,4,4,5,5,1,4,5,4,5,4,0,3,0,Database,Software Developer
S1921,21,8.88,2,1,3,1,2,1,4,1,5,1,5,5,4,1,4,3,1,1,4,Programming,Business Analyst
S1922,23,7.93,2,1,2,5,1,2,4,1,2,5,1,2,2,3,2,3,2,1,0,Security,Data Analyst
S1923,22,6.03,2,4,2,1,5,1,5,4,3,3,5,2,2,2,2,1,3,1,0,Programming,Data Analyst
S1924,21,6.79,2,5,1,2,4,2,3,3,4,2,3,5,1,3,1,2,1,2,2,Data,Web Developer
S1925,20,7.63,1,2,5,1,5,1,2,5,2,2,5,3,5,3,3,4,1,3,1,Data,Data Scientist
S1926,23,8.08,5,1,1,3,4,1,5,3,2,4,3,4,2,4,1,3,1,0,3,Programming,Data Analyst
S1927,23,7.75,1,2,3,2,4,4,2,4,1,5,5,4,2,3,3,4,3,4,3,Database,Business Analyst
S1928,21,8.9,4,3,3,2,4,4,3,5,5,4,5,1,1,4,2,2,1,3,2,Database,Data Analyst
S1929,26,6.04,4,1,2,5,4,5,5,1,2,5,2,5,5,1,3,5,2,4,2,Cloud,Cloud Engineer
S1930,21,7.93,5,4,3,5,3,3,1,3,3,5,2,4,1,3,1,2,2,3,1,Cloud,Data Scientist
S1931,26,6.16,4,3,5,5,3,5,3,3,4,1,1,3,1,2,1,5,3,2,1,Cloud,Database Administrator
S1932,22,8.48,2,5,4,3,1,1,4,5,3,5,2,3,4,2,4,2,2,0,4,Programming,Business Analyst
S1933,19,7.71,1,2,3,3,2,5,5,1,2,4,3,2,1,1,5,4,0,2,3,Web,Software Developer
S1934,21,8.18,2,1,1,4,4,4,3,3,2,5,2,4,5,2,4,2,2,1,3,Security,Data Scientist
S1935,25,7.02,4,3,5,2,5,1,3,5,1,5,1,4,2,4,2,3,1,0,4,Web,Business Analyst
S1936,26,8.95,1,3,3,5,3,1,5,3,3,2,4,3,2,3,3,3,1,5,2,Business,Cloud Engineer
S1937,21,8.74,2,1,3,2,2,5,4,1,1,2,3,2,4,5,1,1,2,5,3,Programming,Business Analyst
S1938,24,8.33,5,5,5,1,1,2,4,1,3,2,4,4,5,3,1,3,2,3,0,Business,Data Scientist
S1939,20,7.68,2,5,3,3,2,3,3,2,5,3,3,3,2,3,1,3,3,2,2,Database,Cloud Engineer
S1940,25,8.32,4,4,4,4,4,5,2,5,5,2,1,2,1,5,1,5,3,4,2,Business,Data Analyst
S1941,25,7.16,1,5,2,1,2,5,3,4,3,3,2,2,3,2,2,4,0,2,1,Web,Cloud Engineer
S1942,26,8.57,5,4,5,2,4,3,5,3,1,3,4,3,3,2,5,4,2,2,4,Database,Business Analyst
S1943,24,9.28,1,3,1,3,3,1,5,1,5,4,4,2,3,3,4,5,0,3,2,Business,Data Scientist
S1944,24,8.76,5,1,3,5,3,1,5,3,2,2,2,2,3,2,4,3,2,3,1,Data,Data Scientist
S1945,23,7.14,1,5,2,1,4,2,4,3,4,5,1,1,1,4,1,2,0,1,0,Security,Cybersecurity Analyst
S1946,26,8.13,4,4,1,3,5,5,1,4,1,1,2,2,2,4,1,5,2,0,0,Programming,Business Analyst
S1947,19,6.64,5,3,1,2,3,3,5,1,3,5,5,4,4,5,3,4,2,2,3,Security,Business Analyst
S1948,20,8.32,3,5,4,2,5,5,5,2,4,2,5,2,1,3,1,1,2,4,4,Database,Web Developer
S1949,22,8.21,1,2,2,1,4,4,2,5,4,5,5,4,2,4,4,4,0,5,4,Cloud,Business Analyst
S1950,25,6.12,1,3,5,1,4,5,2,3,2,2,4,3,5,1,3,2,1,5,1,Cloud,Database Administrator
S1951,22,6.75,2,5,2,1,3,5,3,4,1,2,4,2,2,2,3,4,3,3,3,Database,Data Analyst
S1952,21,7.55,5,3,2,4,5,4,3,4,4,5,1,3,2,3,1,5,3,3,4,Data,Cloud Engineer
S1953,21,7.53,3,1,1,5,4,4,3,5,1,3,3,5,2,4,3,1,0,1,3,Programming,Data Scientist
S1954,22,6.71,4,1,4,3,3,3,5,5,2,4,2,2,1,5,5,4,2,0,1,Cloud,Web Developer
S1955,21,8.15,2,1,4,2,4,1,2,1,3,4,3,3,2,4,1,5,1,5,3,Security,Database Administrator
S1956,19,8.03,3,2,2,2,2,2,3,3,4,4,4,5,2,1,5,5,0,1,2,Database,Cloud Engineer
S1957,24,7.63,5,1,2,5,2,4,2,3,4,4,2,4,5,4,1,5,0,3,2,Security,Software Developer
S1958,21,7.12,3,2,3,1,3,1,5,5,4,1,4,4,5,3,5,1,3,4,2,Data,Database Administrator
S1959,23,8.74,1,1,1,1,4,3,5,2,1,2,1,4,3,5,1,5,3,1,2,Business,Business Analyst
S1960,21,9.29,1,3,5,2,3,5,3,3,4,1,2,4,1,5,4,1,1,2,0,Cloud,Data Analyst
S1961,20,7.36,2,5,5,5,1,3,5,4,1,4,4,4,2,1,1,2,2,3,0,Web,Software Developer
S1962,19,7.25,5,5,4,2,3,3,5,5,5,4,5,1,3,3,4,2,1,3,4,Cloud,Data Analyst
S1963,20,8.24,5,1,1,1,3,4,2,3,5,5,5,3,3,1,2,2,3,1,0,Data,Data Scientist
S1964,20,7.48,3,5,4,3,2,2,1,1,1,4,4,5,1,1,2,5,2,4,3,Cloud,Cybersecurity Analyst
S1965,23,7.67,2,1,5,1,2,4,4,5,5,2,3,5,3,1,1,1,1,1,3,Database,Data Scientist
S1966,19,8.47,5,1,2,3,4,5,3,4,2,4,1,2,3,4,4,2,0,4,0,Programming,Cloud Engineer
S1967,19,6.08,1,4,1,4,3,4,1,1,2,4,1,3,1,2,4,3,0,3,3,Data,Cybersecurity Analyst
S1968,26,8.99,3,4,1,5,3,5,3,5,5,1,4,1,4,4,3,2,0,1,4,Database,Data Scientist
S1969,19,7.87,4,4,3,4,4,4,1,5,3,2,1,1,3,3,3,5,2,0,1,Database,Software Developer
S1970,19,7.43,1,2,2,1,5,2,5,3,1,3,2,3,5,1,5,3,2,5,0,Database,Software Developer
S1971,19,7.72,2,4,2,5,4,1,3,1,5,5,1,4,3,1,3,4,3,1,2,Web,Business Analyst
S1972,23,7.77,5,1,4,1,2,2,1,5,1,3,5,4,1,2,1,3,1,1,3,Security,Data Analyst
S1973,21,6.24,1,3,1,5,2,4,4,4,5,1,4,3,1,5,3,4,2,0,3,Database,Data Scientist
S1974,26,9.15,4,4,4,5,3,3,5,1,2,4,2,5,4,1,3,3,2,0,1,Cloud,Cloud Engineer
S1975,20,7.84,4,4,2,1,2,1,3,3,3,5,1,4,4,4,1,1,1,2,4,Database,Database Administrator
S1976,19,8.2,2,3,3,1,4,3,3,2,1,2,5,2,5,1,1,3,3,0,3,Business,Data Analyst
S1977,25,8.66,1,1,1,5,3,2,1,5,3,5,3,1,5,3,5,2,2,4,2,Security,Data Scientist
S1978,21,6.88,3,2,2,5,4,1,3,2,2,1,1,4,3,2,4,4,1,5,1,Database,Data Scientist
S1979,21,8.23,1,4,3,1,4,4,5,5,4,4,5,5,4,5,3,4,2,5,3,Data,Data Analyst
S1980,20,7.56,4,3,5,1,3,3,2,3,4,1,5,4,5,3,2,2,2,2,2,Security,Cybersecurity Analyst
S1981,23,8.56,2,1,2,2,5,4,1,3,1,2,5,4,3,4,4,1,3,4,3,Business,Business Analyst
S1982,22,5.89,2,5,5,2,2,5,4,3,2,3,5,1,2,3,1,3,0,2,2,Business,Business Analyst
S1983,22,7.71,3,2,4,2,1,1,3,3,1,4,3,2,3,1,3,1,2,2,1,Business,Data Scientist
S1984,21,7.26,2,3,5,4,1,3,5,1,1,4,4,2,5,2,5,2,3,5,4,Business,Cloud Engineer
S1985,24,8.19,2,3,2,5,1,2,3,1,1,1,5,5,3,1,2,3,1,4,0,Programming,Software Developer
S1986,24,8.22,2,3,5,3,2,2,4,5,3,1,4,3,2,2,4,2,1,3,0,Business,Business Analyst
S1987,20,7.16,2,4,1,4,5,2,5,1,5,1,3,3,5,4,3,4,0,5,4,Data,Business Analyst
S1988,22,7.16,2,5,2,5,4,2,4,5,2,4,3,3,3,3,1,4,1,3,3,Data,Data Scientist
S1989,21,7.7,4,2,3,3,3,3,5,1,3,1,2,5,5,2,4,4,0,1,1,Cloud,Data Scientist
S1990,23,6.99,1,1,5,2,5,5,2,1,5,5,2,4,3,3,2,5,2,3,2,Database,Database Administrator
S1991,22,8.56,5,1,1,3,1,2,5,1,1,5,5,2,1,2,1,5,0,5,1,Data,Cloud Engineer
S1992,21,7.47,2,5,4,1,2,2,4,4,4,5,4,2,5,1,2,4,2,1,4,Programming,Software Developer
S1993,21,5.18,5,3,4,1,2,2,1,3,3,4,3,4,5,2,3,5,1,3,3,Cloud,Web Developer
S1994,19,7.46,5,3,5,5,3,5,2,4,2,1,1,2,5,2,4,5,0,1,3,Programming,Software Developer
S1995,23,6.87,4,3,4,4,4,1,3,1,2,2,2,2,5,5,5,2,3,5,4,Web,Software Developer
S1996,19,6.33,2,3,3,2,5,2,2,1,5,1,2,3,3,4,3,3,1,1,1,Cloud,Software Developer
S1997,20,6.69,5,3,2,5,5,2,2,4,3,4,1,3,4,1,3,4,1,5,0,Data,Web Developer
S1998,19,7.9,2,5,1,2,5,2,3,5,1,5,4,1,3,1,5,5,1,0,1,Data,Data Analyst
S1999,25,9.0,3,4,5,1,4,1,5,3,5,4,4,1,2,3,5,2,1,5,3,Data,Data Analyst
S2000,19,8.08,3,2,4,4,4,2,2,5,2,1,4,2,1,2,1,2,1,1,3,Web,Software Developer
S2001,25,7.25,3,3,2,4,4,1,2,3,3,4,5,3,3,2,2,3,3,5,4,Programming,Software Developer
S2002,22,8.21,5,4,3,1,3,1,1,2,4,2,5,1,3,2,3,2,3,5,1,Data,Cloud Engineer
S2003,24,7.39,3,1,4,3,2,4,1,3,1,4,1,1,5,1,1,1,3,4,0,Business,Cloud Engineer
S2004,26,7.17,4,5,4,4,1,4,4,5,2,3,3,3,2,5,1,1,0,4,1,Security,Data Scientist
S2005,26,6.76,4,4,1,3,4,2,3,3,3,4,1,1,5,3,3,4,1,1,3,Business,Software Developer
S2006,21,6.22,5,3,3,2,2,3,5,2,4,1,3,4,5,2,2,3,0,4,1,Database,Business Analyst
S2007,26,7.45,2,3,3,4,4,4,5,2,2,3,1,4,4,5,5,1,0,3,3,Data,Database Administrator
S2008,25,7.94,1,3,5,1,1,4,4,1,4,5,5,3,1,4,3,3,0,4,3,Cloud,Cloud Engineer
S2009,23,7.71,2,4,1,3,4,3,5,2,2,1,4,3,4,1,2,4,1,0,2,Cloud,Data Analyst
S2010,19,7.43,2,3,5,2,2,5,5,4,5,2,2,1,5,4,5,2,1,4,0,Security,Cybersecurity Analyst
S2011,25,6.95,2,4,1,2,3,2,1,5,5,4,1,2,1,1,4,2,0,3,4,Database,Software Developer
S2012,23,8.35,2,3,3,4,1,5,5,4,5,4,1,5,3,3,3,2,1,5,0,Database,Data Analyst
S2013,24,6.61,1,1,1,4,2,5,5,4,3,1,2,4,2,4,3,1,0,3,1,Web,Data Scientist
S2014,26,8.5,3,1,1,5,5,1,4,5,5,4,1,4,4,3,2,3,1,1,2,Cloud,Data Scientist
S2015,24,6.9,2,2,1,5,5,1,4,4,3,4,4,3,2,3,1,1,1,2,3,Web,Business Analyst
S2016,26,7.12,4,3,2,4,5,2,2,4,1,5,2,2,5,3,1,5,0,3,0,Web,Cloud Engineer
S2017,19,6.48,5,3,2,5,3,3,5,4,5,4,2,3,1,4,2,3,3,1,3,Security,Data Scientist
S2018,20,7.35,5,4,3,1,4,1,5,2,3,4,4,1,3,4,3,4,1,1,3,Cloud,Database Administrator
S2019,19,8.68,4,4,1,1,4,4,5,5,2,5,4,2,1,4,3,1,0,4,2,Business,Data Scientist
S2020,22,8.26,2,3,3,5,4,2,1,5,3,4,2,1,2,2,3,2,0,4,0,Database,Cybersecurity Analyst
S2021,25,8.68,1,2,2,4,3,5,5,5,3,5,4,4,2,3,4,2,1,1,2,Data,Data Scientist
S2022,21,8.27,3,3,1,1,5,2,1,4,2,2,4,3,3,2,1,2,1,5,3,Business,Business Analyst
S2023,20,6.81,5,4,5,2,4,1,2,2,3,4,4,3,3,1,4,1,0,0,0,Business,Data Scientist
S2024,19,7.5,3,3,2,4,3,3,3,5,2,1,2,5,1,4,3,1,0,5,3,Business,Database Administrator
S2025,23,7.1,1,4,2,3,3,5,5,3,4,3,1,2,4,5,1,2,0,1,3,Database,Data Analyst
S2026,20,9.0,5,3,2,3,2,3,4,5,5,2,3,4,1,1,3,2,2,4,0,Web,Web Developer
S2027,25,6.72,3,5,1,4,4,2,4,1,1,4,2,5,2,3,3,2,1,3,4,Web,Cybersecurity Analyst
S2028,26,8.6,1,4,4,5,5,3,5,3,3,1,3,5,1,3,2,5,2,0,2,Cloud,Business Analyst
S2029,20,8.6,3,2,5,1,1,3,1,5,2,3,4,3,5,2,1,1,0,2,1,Cloud,Cybersecurity Analyst
S2030,26,9.45,2,5,5,1,3,2,4,4,5,5,4,2,1,4,3,2,2,5,3,Business,Business Analyst
S2031,25,7.43,1,3,3,4,2,5,4,5,3,4,1,3,1,4,5,4,3,3,2,Security,Software Developer
S2032,19,8.44,3,4,1,2,1,3,2,2,5,5,4,2,5,1,5,2,0,4,2,Programming,Cybersecurity Analyst
S2033,25,9.85,2,5,2,5,3,3,2,2,4,2,3,5,2,1,3,1,3,3,0,Business,Business Analyst
S2034,20,7.24,2,2,4,2,2,2,2,5,3,3,2,1,3,1,2,4,2,3,0,Business,Data Analyst
S2035,23,6.42,1,4,1,4,4,4,4,4,2,3,2,4,1,5,3,1,3,4,0,Database,Data Scientist
S2036,24,6.11,4,5,1,4,2,3,4,4,4,5,1,5,4,5,5,1,2,3,2,Database,Data Scientist
S2037,20,8.44,5,5,4,2,3,1,5,4,3,5,3,3,3,3,1,1,1,1,0,Programming,Software Developer
S2038,25,6.11,1,5,2,3,4,5,5,5,5,2,4,4,4,3,2,3,1,5,1,Database,Business Analyst
S2039,24,7.46,2,1,1,4,5,3,1,5,4,1,5,5,1,3,3,4,2,0,2,Programming,Business Analyst
S2040,25,8.19,2,3,5,5,2,2,4,1,2,4,1,2,4,4,5,5,0,5,0,Web,Cloud Engineer
S2041,23,7.97,1,4,5,2,1,1,5,2,3,1,1,3,3,3,1,5,1,4,3,Security,Cloud Engineer
S2042,25,8.18,4,4,4,3,4,2,5,3,5,3,5,5,4,2,5,3,2,0,2,Database,Database Administrator
S2043,19,8.0,5,4,2,2,4,3,2,3,5,4,2,2,4,1,2,1,0,1,4,Programming,Data Scientist
S2044,21,8.95,3,5,4,3,5,1,2,2,4,2,2,2,3,4,4,5,1,4,4,Business,Web Developer
S2045,26,6.94,1,3,1,3,2,5,2,1,3,1,2,2,3,5,3,4,2,1,2,Cloud,Business Analyst
S2046,26,7.19,5,2,5,5,1,5,3,2,5,1,5,4,3,1,1,2,0,2,2,Database,Data Scientist
S2047,20,7.1,5,4,3,4,5,5,5,1,4,4,4,3,3,3,2,4,0,2,4,Business,Business Analyst
S2048,21,8.55,2,3,4,3,2,4,2,1,1,2,4,2,5,5,2,1,2,2,3,Database,Database Administrator
S2049,25,8.61,3,3,3,4,1,2,2,4,5,2,3,5,1,5,4,4,3,0,3,Web,Database Administrator
S2050,23,8.21,1,1,3,5,1,3,4,2,4,1,3,2,3,5,4,1,3,5,3,Web,Software Developer
S2051,20,8.87,2,4,5,4,3,1,2,3,1,1,2,3,2,1,3,4,3,5,1,Business,Data Analyst
S2052,25,6.74,2,5,4,1,1,2,4,5,4,5,5,4,4,4,3,3,3,2,1,Database,Cybersecurity Analyst
S2053,24,9.3,4,3,3,3,2,3,1,5,5,4,1,2,3,1,2,4,0,2,3,Cloud,Data Scientist
S2054,22,9.17,5,3,1,5,5,4,2,2,1,2,4,5,3,2,3,5,3,1,4,Security,Cybersecurity Analyst
S2055,25,8.46,1,2,2,2,5,3,4,5,4,3,5,3,1,3,3,2,2,3,1,Security,Business Analyst
S2056,21,9.4,1,1,2,5,3,2,2,1,3,4,3,2,3,4,4,3,0,3,0,Programming,Cloud Engineer
S2057,20,6.31,1,3,5,3,2,3,1,5,1,5,4,4,5,4,2,4,3,5,1,Cloud,Web Developer
S2058,21,7.33,2,3,4,5,1,1,2,1,4,4,4,1,2,3,5,1,2,5,4,Data,Cybersecurity Analyst
S2059,20,7.14,4,5,4,2,3,4,4,1,3,1,5,5,2,2,5,3,1,2,4,Security,Business Analyst
S2060,25,8.45,3,5,2,1,4,1,1,3,1,4,3,2,3,5,1,5,0,5,2,Programming,Cloud Engineer
S2061,19,6.85,2,2,1,3,2,4,1,5,4,4,5,2,1,3,4,2,2,3,4,Web,Business Analyst
S2062,24,8.48,3,2,2,3,3,4,1,3,5,4,1,1,3,5,1,2,3,2,3,Security,Database Administrator
S2063,25,9.03,4,2,2,5,5,3,3,5,1,3,4,3,4,3,2,4,2,2,4,Data,Software Developer
S2064,26,8.43,5,5,4,4,3,1,4,1,1,5,5,1,2,1,5,5,0,0,1,Web,Business Analyst
S2065,21,8.06,1,5,3,4,4,4,3,5,3,4,5,3,4,2,5,5,1,4,1,Web,Data Analyst
S2066,22,6.91,3,1,1,2,2,4,1,3,4,4,1,2,5,2,5,2,3,3,1,Database,Cybersecurity Analyst
S2067,22,7.04,2,4,4,1,3,3,3,4,5,3,5,1,2,3,1,2,2,2,4,Cloud,Database Administrator
S2068,23,8.92,3,4,2,1,1,2,2,3,3,2,4,2,2,2,3,5,1,3,3,Cloud,Business Analyst
S2069,20,8.5,5,1,3,5,2,2,3,4,1,4,2,1,5,5,1,2,0,0,3,Business,Data Analyst
S2070,21,7.76,1,4,1,5,3,5,5,2,3,4,2,2,4,2,5,1,3,0,2,Security,Cybersecurity Analyst
S2071,23,7.42,3,5,5,4,3,5,1,3,3,2,3,2,3,2,4,2,1,2,0,Data,Database Administrator
S2072,21,5.98,5,4,1,1,2,4,1,5,3,4,1,2,1,2,4,1,0,3,3,Cloud,Data Scientist
S2073,26,6.84,2,5,1,1,5,2,4,4,1,4,3,4,4,4,1,2,3,3,1,Programming,Business Analyst
S2074,20,9.52,4,1,2,1,1,4,2,5,2,4,2,1,5,3,1,3,2,3,2,Web,Cybersecurity Analyst
S2075,25,6.65,2,2,2,2,2,1,4,4,3,5,1,4,5,1,2,3,1,0,3,Programming,Business Analyst
S2076,25,7.97,1,1,5,2,1,2,3,3,2,1,5,2,5,1,1,3,0,1,3,Web,Data Scientist
S2077,22,8.71,2,4,5,5,1,2,5,3,5,5,5,5,2,4,1,1,2,1,0,Programming,Data Scientist
S2078,25,6.67,2,5,5,4,2,2,5,5,5,2,4,3,3,4,5,1,3,3,0,Web,Data Analyst
S2079,25,7.97,2,4,4,3,3,5,5,3,5,5,2,1,2,1,3,4,1,3,0,Cloud,Data Scientist
S2080,26,8.64,2,4,4,4,5,3,5,5,4,5,5,1,2,5,5,4,0,4,3,Programming,Software Developer
S2081,19,7.81,1,2,2,2,1,3,2,1,1,3,1,3,2,1,3,2,1,2,3,Security,Data Scientist
S2082,22,10.0,5,4,2,2,1,5,3,4,2,2,5,4,5,1,5,1,2,0,1,Security,Database Administrator
S2083,23,6.3,3,2,5,5,3,5,5,5,4,2,3,3,4,3,5,3,2,4,4,Data,Data Scientist
S2084,24,8.75,4,5,4,3,2,5,1,4,2,2,3,5,1,1,2,3,0,3,0,Data,Data Analyst
S2085,19,7.64,3,5,3,1,5,3,3,1,1,5,3,2,1,1,3,3,1,5,1,Database,Cybersecurity Analyst
S2086,23,8.49,3,2,4,3,1,4,2,4,3,2,3,3,3,2,5,2,1,1,1,Business,Business Analyst
S2087,20,8.2,4,1,2,3,1,5,5,5,4,3,3,3,3,4,5,1,2,1,2,Data,Data Scientist
S2088,19,7.14,1,5,4,3,2,4,2,3,1,4,4,2,5,1,3,2,1,4,1,Programming,Cloud Engineer
S2089,26,8.01,4,1,2,5,3,4,5,4,4,5,3,1,1,1,2,5,1,1,0,Web,Web Developer
S2090,23,6.13,1,5,5,2,4,1,1,4,5,4,4,5,4,5,3,5,1,1,4,Business,Data Analyst
S2091,20,8.34,3,5,5,1,3,3,3,1,4,4,4,3,5,1,2,4,0,5,1,Data,Data Scientist
S2092,22,8.07,1,3,5,3,1,4,1,2,3,5,5,3,3,3,2,1,2,2,3,Cloud,Business Analyst
S2093,24,8.37,5,4,3,1,1,3,5,3,3,5,1,1,5,5,4,3,3,3,3,Security,Data Scientist
S2094,20,8.75,4,4,3,3,5,3,4,5,2,2,3,5,3,1,2,1,0,4,1,Security,Business Analyst
S2095,25,8.13,5,1,2,2,3,1,3,1,4,3,1,2,1,3,4,4,2,5,0,Cloud,Data Scientist
S2096,21,7.93,3,4,1,1,4,3,2,5,5,5,2,2,5,4,1,3,0,0,4,Security,Data Analyst
S2097,20,7.01,4,1,3,4,5,4,5,5,3,4,4,4,2,1,2,2,3,0,4,Programming,Software Developer
S2098,20,7.16,3,5,2,2,4,2,1,4,2,5,2,5,3,4,3,3,0,5,0,Database,Web Developer
S2099,24,8.87,5,3,4,1,5,4,4,1,5,3,4,5,2,1,4,5,0,3,3,Cloud,Cybersecurity Analyst
S2100,21,9.09,3,3,5,3,3,4,5,1,5,1,3,3,3,5,1,2,3,0,3,Database,Data Analyst
S2101,25,7.59,4,5,5,3,1,3,2,3,5,4,2,4,2,5,1,3,1,5,2,Programming,Data Scientist
S2102,23,7.84,4,2,5,2,4,4,1,2,1,1,5,2,1,3,2,2,2,1,1,Business,Web Developer
S2103,23,6.99,3,2,2,2,3,2,3,5,3,1,2,5,1,2,3,5,3,2,1,Database,Data Scientist
S2104,20,8.86,4,4,5,3,4,3,4,3,1,3,4,5,4,3,2,5,0,4,3,Security,Cybersecurity Analyst
S2105,26,8.4,4,1,3,1,3,5,5,3,1,5,4,1,4,1,5,1,1,4,1,Cloud,Database Administrator
S2106,26,9.55,3,3,4,4,5,4,5,5,3,1,1,2,4,4,1,5,0,1,0,Cloud,Data Analyst
S2107,21,7.01,5,4,5,5,3,4,5,4,4,2,2,1,5,4,5,5,1,3,4,Business,Data Analyst
S2108,21,7.46,4,5,2,2,5,1,5,4,2,5,5,4,3,1,5,5,0,2,2,Business,Data Scientist
S2109,25,8.01,4,3,4,3,1,5,1,5,3,4,3,5,5,2,4,4,2,0,0,Business,Data Analyst
S2110,24,8.38,4,1,5,1,5,5,3,1,2,5,1,4,4,2,5,5,2,4,0,Cloud,Data Scientist
S2111,22,7.61,4,1,1,2,2,2,2,2,4,3,2,1,3,2,1,1,0,4,0,Security,Database Administrator
S2112,23,7.01,3,2,5,1,1,5,4,4,3,3,1,2,5,1,1,2,3,3,1,Security,Business Analyst
S2113,24,8.59,5,4,3,2,3,1,5,2,5,4,2,5,1,5,3,4,0,2,4,Security,Cybersecurity Analyst
S2114,19,8.45,5,5,4,3,3,2,5,3,3,4,3,2,3,5,2,2,0,5,2,Data,Software Developer
S2115,23,6.98,1,3,3,1,2,5,3,3,4,4,3,4,4,1,3,2,3,0,3,Data,Data Analyst
S2116,24,9.02,4,1,1,3,3,2,3,5,1,3,5,3,1,5,3,1,3,4,0,Database,Cybersecurity Analyst
S2117,23,8.85,4,3,1,1,1,5,1,5,3,5,1,2,3,2,2,4,0,4,0,Web,Cloud Engineer
S2118,22,7.92,1,5,3,2,1,5,1,5,5,1,5,2,5,5,1,3,1,0,0,Database,Business Analyst
S2119,19,7.87,5,3,4,5,5,5,1,4,3,1,2,2,4,1,4,5,2,2,3,Cloud,Data Analyst
S2120,26,8.3,2,4,1,5,4,4,4,2,1,2,3,5,5,5,5,2,1,2,1,Database,Web Developer
S2121,26,7.02,2,2,1,4,3,5,1,3,3,3,3,4,1,5,4,2,3,2,1,Security,Data Scientist
S2122,22,7.83,5,3,5,4,2,4,5,2,5,4,4,4,1,5,5,1,2,4,4,Cloud,Database Administrator
S2123,25,5.86,4,2,2,3,1,3,1,4,4,5,4,5,1,5,2,1,0,5,1,Business,Cybersecurity Analyst
S2124,19,8.59,2,5,1,1,1,1,4,2,5,3,5,2,3,1,2,1,2,1,1,Programming,Data Scientist
S2125,20,6.39,3,2,4,4,1,2,1,2,4,2,1,2,4,3,3,4,0,4,2,Programming,Business Analyst
S2126,24,9.15,3,3,4,2,4,2,1,5,5,1,2,3,1,5,2,5,0,3,2,Security,Business Analyst
S2127,19,7.5,1,3,5,5,4,3,5,2,2,5,5,2,5,3,5,4,3,3,1,Data,Data Scientist
S2128,25,7.61,5,1,4,1,3,5,5,2,3,1,3,1,4,1,4,1,1,5,2,Database,Database Administrator
S2129,25,7.24,5,3,5,5,2,1,5,2,3,5,3,2,5,4,4,1,3,4,4,Web,Data Scientist
S2130,22,7.54,2,2,1,1,4,3,1,1,1,4,3,3,5,3,4,2,3,4,1,Database,Data Scientist
S2131,23,9.08,4,1,1,4,5,3,5,3,2,5,2,1,1,1,4,4,2,0,2,Data,Data Scientist
S2132,19,5.56,5,3,1,4,4,2,3,3,1,4,5,3,4,4,3,4,1,2,3,Cloud,Business Analyst
S2133,24,8.95,2,3,1,3,1,4,2,2,3,3,2,3,2,5,4,5,1,5,2,Data,Cloud Engineer
S2134,19,8.1,2,5,2,1,2,4,2,5,1,1,3,4,3,1,5,4,1,0,2,Security,Web Developer
S2135,21,6.71,5,1,2,2,3,5,5,5,4,5,4,5,2,2,3,5,1,5,3,Business,Web Developer
S2136,23,6.83,2,5,1,4,4,5,4,5,2,5,5,3,3,4,3,3,2,3,4,Business,Business Analyst
S2137,24,9.31,1,5,4,3,1,3,5,3,5,2,4,2,4,2,3,5,2,3,3,Data,Cloud Engineer
S2138,26,6.95,1,5,5,4,5,5,5,4,4,1,5,4,1,5,2,1,3,1,4,Programming,Data Scientist
S2139,24,6.76,5,4,3,5,5,4,1,2,5,3,3,1,4,5,3,3,3,2,3,Security,Business Analyst
S2140,20,8.82,4,5,5,4,3,1,4,3,1,4,4,5,2,3,5,2,1,2,4,Database,Software Developer
S2141,22,8.1,1,2,3,1,3,2,5,5,3,3,4,4,5,5,4,2,3,5,4,Security,Data Scientist
S2142,20,6.96,1,3,3,3,4,4,3,3,4,2,5,3,3,3,2,2,2,3,0,Database,Database Administrator
S2143,24,7.99,5,4,1,1,3,5,2,3,2,3,4,4,3,4,4,1,3,0,0,Security,Cloud Engineer
S2144,23,6.88,3,5,3,2,1,2,3,3,5,4,4,2,2,2,1,2,0,4,2,Data,Data Scientist
S2145,19,8.79,2,3,1,2,1,2,3,5,4,1,3,2,1,4,2,5,3,2,3,Programming,Data Analyst
S2146,26,8.76,1,1,2,4,1,3,3,4,3,2,5,2,4,2,5,1,2,4,4,Data,Web Developer
S2147,19,8.28,3,1,4,3,4,5,4,1,2,5,5,5,2,1,2,4,1,3,0,Cloud,Database Administrator
S2148,23,8.13,4,3,3,3,4,3,4,2,2,5,1,4,4,4,3,1,0,1,2,Business,Software Developer
S2149,24,9.39,3,2,4,3,3,2,4,2,5,1,5,4,1,1,2,1,0,3,2,Web,Data Scientist
S2150,25,7.8,5,3,1,3,4,3,2,3,4,3,3,3,5,2,3,4,0,4,2,Web,Web Developer
S2151,19,6.74,4,3,3,4,1,5,1,4,4,5,4,1,4,3,4,5,3,3,0,Business,Data Scientist
S2152,25,8.2,4,4,5,1,2,4,5,5,2,2,1,2,1,4,2,3,3,2,1,Web,Data Scientist
S2153,19,9.68,3,1,2,4,1,1,5,1,1,4,4,1,2,4,2,4,0,5,2,Business,Data Analyst
S2154,19,6.89,5,1,2,1,2,4,1,1,2,3,5,1,5,3,5,1,0,5,1,Cloud,Cloud Engineer
S2155,26,7.47,1,5,3,5,3,2,5,3,3,4,2,2,5,3,1,2,1,4,1,Cloud,Data Analyst
S2156,22,8.17,3,3,2,5,5,4,3,3,4,3,4,2,5,5,2,4,1,4,1,Cloud,Business Analyst
S2157,22,7.75,1,3,5,1,4,3,2,5,5,2,5,3,3,5,4,4,0,1,2,Programming,Data Analyst
S2158,21,6.92,3,2,4,4,4,5,5,5,4,4,3,5,1,2,3,3,1,2,4,Security,Data Scientist
S2159,20,8.81,1,1,5,2,1,4,2,5,2,2,5,2,4,4,4,1,2,0,1,Business,Business Analyst
S2160,23,9.89,3,2,2,4,1,4,1,3,3,4,1,1,2,3,5,2,3,1,0,Database,Cloud Engineer
S2161,23,7.98,4,4,4,2,2,5,5,4,1,3,2,3,5,3,2,2,1,2,0,Cloud,Cloud Engineer
S2162,23,6.99,2,5,5,4,4,3,2,3,4,2,2,4,5,1,1,3,2,5,1,Web,Database Administrator
S2163,21,6.41,4,2,1,3,3,1,3,3,2,3,2,3,5,5,1,2,3,0,1,Business,Business Analyst
S2164,22,8.03,1,1,1,3,1,4,3,1,2,3,3,2,1,1,2,5,1,5,1,Database,Database Administrator
S2165,24,8.79,5,4,4,5,4,2,1,5,2,4,2,2,2,3,1,4,3,4,0,Database,Software Developer
S2166,25,8.23,4,3,4,5,5,3,4,2,3,4,4,5,1,4,4,4,2,5,3,Web,Cybersecurity Analyst
S2167,26,7.8,2,4,4,1,2,3,5,5,2,2,3,3,2,4,3,2,2,1,4,Business,Data Scientist
S2168,25,7.27,1,2,1,2,1,4,3,4,2,5,5,2,4,1,2,2,3,4,3,Business,Business Analyst
S2169,24,6.82,4,1,5,3,1,5,3,4,2,1,1,1,3,5,3,2,0,4,0,Data,Cloud Engineer
S2170,26,8.55,3,2,4,4,3,4,1,5,4,4,3,1,2,2,1,4,1,4,0,Database,Software Developer
S2171,21,8.62,5,3,1,1,1,4,3,5,2,3,1,3,1,4,5,2,0,2,2,Security,Data Scientist
S2172,24,6.41,1,3,4,4,4,5,5,3,3,1,3,5,1,2,3,5,2,0,3,Cloud,Business Analyst
S2173,23,9.23,4,1,4,3,4,2,1,2,4,2,5,3,1,5,5,5,3,2,1,Security,Cybersecurity Analyst
S2174,20,8.32,1,5,4,3,4,5,2,3,2,1,1,5,3,1,4,4,1,4,1,Cloud,Web Developer
S2175,19,9.06,3,4,1,3,5,4,1,1,1,1,3,1,2,5,5,1,1,1,0,Web,Software Developer
S2176,25,6.59,2,4,5,3,5,1,5,1,3,5,1,2,2,3,3,1,0,5,2,Security,Cloud Engineer
S2177,22,6.57,4,3,1,4,1,5,5,4,1,5,2,4,2,5,3,1,1,4,3,Security,Software Developer
S2178,22,7.67,1,2,1,1,5,2,2,4,3,1,2,2,2,1,2,5,1,0,2,Cloud,Cloud Engineer
S2179,21,8.25,1,2,4,3,5,5,1,2,1,5,2,1,5,1,5,3,1,2,4,Cloud,Database Administrator
S2180,26,9.42,1,5,3,5,3,5,5,4,2,5,4,1,5,5,4,1,2,0,2,Database,Data Scientist
S2181,22,8.44,2,2,3,1,5,3,5,1,1,1,2,2,1,1,2,3,0,2,4,Security,Cloud Engineer
S2182,23,7.58,1,4,3,5,2,3,2,2,1,4,2,2,5,3,2,4,2,5,3,Business,Business Analyst
S2183,25,6.88,5,2,1,4,2,4,4,1,3,5,5,1,2,2,4,5,3,0,1,Cloud,Software Developer
S2184,24,8.91,5,5,4,3,2,4,1,5,2,1,1,2,2,5,2,1,3,0,4,Security,Business Analyst
S2185,23,6.93,1,4,3,1,1,5,5,5,3,4,1,4,5,1,4,5,0,2,1,Data,Data Analyst
S2186,21,9.27,5,2,2,3,4,1,3,2,2,5,2,4,4,2,1,4,3,2,2,Security,Data Scientist
S2187,23,7.54,4,4,2,3,3,4,2,3,5,1,1,3,1,3,2,5,2,2,2,Programming,Business Analyst
S2188,24,9.23,5,3,2,1,1,5,4,4,4,5,3,4,3,5,3,2,2,3,3,Security,Cybersecurity Analyst
S2189,20,8.41,1,3,5,3,4,5,4,2,4,4,2,1,1,1,1,1,2,5,1,Database,Data Analyst
S2190,21,7.68,3,3,4,3,3,5,2,4,3,1,2,1,1,2,2,5,2,0,3,Database,Data Analyst
S2191,20,7.33,4,2,1,2,3,5,4,1,2,4,4,3,1,3,4,5,0,3,4,Business,Cybersecurity Analyst
S2192,19,7.49,2,5,1,2,3,5,5,3,1,3,3,5,5,4,1,5,1,3,2,Data,Business Analyst
S2193,20,8.19,1,4,4,1,2,3,4,4,4,2,2,3,1,1,1,4,3,4,2,Data,Data Analyst
S2194,19,7.87,2,1,5,1,2,2,1,5,3,3,2,5,2,3,3,1,0,3,2,Business,Database Administrator
S2195,19,7.27,3,3,4,3,2,2,3,5,3,5,1,5,1,2,2,1,1,3,2,Database,Data Scientist
S2196,20,7.65,2,3,5,5,3,5,5,1,3,4,2,2,2,5,2,2,0,2,2,Database,Cloud Engineer
S2197,21,7.87,1,1,3,1,3,4,2,2,2,1,2,4,5,2,4,2,3,2,4,Web,Business Analyst
S2198,26,5.88,1,1,3,3,2,1,3,4,3,4,2,5,5,5,1,5,0,1,4,Business,Data Scientist
S2199,24,8.21,3,2,5,5,3,5,5,1,5,5,2,2,1,3,3,1,3,5,3,Web,Software Developer
S2200,23,6.92,1,4,4,2,2,1,3,5,1,1,4,3,2,3,4,1,0,0,0,Database,Data Analyst
S2201,23,6.76,3,3,3,1,2,3,4,5,3,3,3,3,2,2,4,5,0,5,2,Programming,Data Scientist
S2202,24,6.28,3,5,4,3,2,2,2,5,2,4,4,5,2,2,3,3,2,3,2,Cloud,Database Administrator
S2203,25,6.19,1,2,3,2,4,3,2,3,1,2,1,2,2,5,2,1,0,3,0,Cloud,Database Administrator
S2204,25,6.58,5,2,4,4,3,4,1,3,1,5,5,1,3,1,3,5,0,0,3,Data,Data Analyst
S2205,19,7.16,3,5,4,2,1,4,4,5,4,5,2,4,5,2,2,5,1,5,4,Data,Business Analyst
S2206,19,9.56,1,5,2,3,2,5,1,2,3,4,1,5,2,1,5,3,2,2,2,Web,Data Analyst
S2207,21,7.33,5,5,5,5,1,4,1,3,3,3,5,1,3,1,1,2,3,2,3,Database,Database Administrator
S2208,22,7.96,3,1,1,4,4,4,4,4,2,3,2,4,3,1,3,5,2,0,0,Data,Cybersecurity Analyst
S2209,20,8.16,5,3,5,4,3,3,5,3,5,2,2,1,5,3,4,1,0,0,4,Security,Business Analyst
S2210,19,7.92,4,1,4,4,2,1,1,4,5,2,5,2,4,3,2,2,3,2,4,Security,Data Scientist
S2211,23,7.73,4,3,4,1,2,2,3,3,4,4,4,5,1,1,1,2,0,0,3,Programming,Cybersecurity Analyst
S2212,21,6.72,5,1,5,3,2,4,5,5,5,1,5,1,5,1,1,2,2,5,1,Database,Cybersecurity Analyst
S2213,20,9.11,3,4,4,4,1,4,4,4,2,3,5,1,4,3,3,5,2,2,1,Security,Data Scientist
S2214,21,9.43,1,3,3,2,4,3,2,2,4,1,3,1,1,5,4,1,0,0,1,Programming,Database Administrator
S2215,20,6.29,2,2,4,5,3,2,5,3,3,1,2,5,1,4,3,3,0,2,0,Web,Data Analyst
S2216,20,6.88,1,3,5,3,4,3,1,3,5,4,2,2,1,2,4,4,0,1,1,Security,Database Administrator
S2217,24,7.55,2,3,5,2,2,1,3,5,2,2,4,2,3,1,5,4,1,2,3,Programming,Business Analyst
S2218,19,6.93,2,3,5,1,4,3,4,4,2,1,4,1,2,3,3,2,2,2,4,Database,Business Analyst
S2219,26,8.26,3,4,2,4,1,2,2,5,3,4,3,2,1,1,2,4,1,3,3,Cloud,Software Developer
S2220,21,7.14,5,1,2,2,5,2,3,4,2,2,3,4,2,1,3,4,2,5,3,Programming,Data Scientist
S2221,26,9.75,1,2,2,3,5,4,2,3,4,1,3,2,1,1,3,5,2,2,2,Business,Database Administrator
S2222,21,8.87,5,1,2,2,3,1,4,3,4,1,4,1,3,1,5,3,3,0,0,Database,Business Analyst
S2223,24,7.99,4,1,2,1,3,5,5,3,1,2,5,4,1,5,5,4,3,4,4,Security,Database Administrator
S2224,23,8.72,3,5,2,5,4,4,1,3,3,2,2,5,5,2,3,3,2,0,2,Programming,Data Scientist
S2225,26,8.8,3,4,2,4,3,3,4,1,2,5,2,3,4,2,4,4,3,3,0,Business,Business Analyst
S2226,23,7.29,4,5,5,3,1,3,3,3,5,5,1,2,1,3,5,2,2,0,4,Web,Business Analyst
S2227,25,7.07,1,4,1,4,2,2,5,3,4,4,4,4,4,5,5,2,2,1,2,Data,Database Administrator
S2228,19,7.87,4,1,2,4,2,2,2,4,3,4,4,3,4,5,4,3,0,4,1,Cloud,Data Scientist
S2229,19,8.58,1,1,5,4,4,2,5,3,3,3,3,5,3,2,1,3,3,4,3,Web,Web Developer
S2230,22,7.93,2,4,1,2,2,5,5,3,4,5,1,3,4,3,5,3,1,5,1,Cloud,Software Developer
S2231,24,6.38,3,1,2,2,4,5,3,4,1,2,1,5,3,5,5,3,1,3,4,Cloud,Cloud Engineer
S2232,23,7.08,1,1,1,5,3,4,1,3,3,5,4,1,1,3,4,1,3,5,2,Business,Business Analyst
S2233,20,7.73,5,2,1,1,3,5,5,3,2,4,3,1,2,2,4,2,2,4,2,Programming,Data Analyst
S2234,21,7.73,5,5,3,3,1,2,5,5,5,4,2,5,3,1,3,4,1,2,2,Database,Data Analyst
S2235,19,9.58,3,5,4,2,2,4,1,1,5,4,3,3,4,5,3,1,3,3,3,Data,Business Analyst
S2236,26,6.55,4,5,3,4,1,4,1,4,4,2,2,2,4,3,1,3,1,5,2,Programming,Data Analyst
S2237,21,8.26,4,3,1,1,5,1,2,5,3,1,4,3,1,1,1,4,0,1,0,Programming,Data Scientist
S2238,21,9.14,1,2,5,3,1,5,2,2,5,4,3,3,3,2,1,2,2,4,0,Security,Data Scientist
S2239,22,9.84,4,5,2,3,4,3,1,2,3,5,1,2,1,4,2,3,0,4,0,Programming,Data Scientist
S2240,23,7.44,3,5,4,3,4,3,4,1,4,1,5,3,3,5,4,5,1,3,1,Data,Data Analyst
S2241,19,8.24,1,2,2,3,1,1,1,2,1,5,1,3,2,5,5,3,2,4,4,Web,Web Developer
S2242,21,8.31,2,1,5,5,3,2,2,1,5,4,2,4,5,3,4,4,2,4,1,Business,Data Analyst
S2243,19,7.98,4,5,4,3,5,1,3,2,2,2,4,5,1,2,4,2,2,1,1,Programming,Software Developer
S2244,20,7.71,4,1,3,1,1,2,3,2,4,1,3,1,4,2,1,3,3,1,3,Data,Business Analyst
S2245,22,8.19,1,5,1,2,3,5,5,5,1,1,4,5,1,5,4,2,3,3,1,Programming,Business Analyst
S2246,20,5.52,5,4,5,1,1,5,3,2,2,4,4,3,3,5,2,1,2,4,3,Business,Data Scientist
S2247,19,8.41,4,3,1,4,2,4,2,1,2,4,2,2,1,3,5,5,2,5,0,Cloud,Software Developer
S2248,25,7.91,3,5,1,5,4,4,3,3,5,4,4,2,2,3,1,1,2,0,0,Business,Software Developer
S2249,26,7.6,4,4,2,5,2,4,4,3,3,3,3,1,3,4,3,5,0,3,1,Programming,Data Scientist
S2250,19,9.64,2,2,5,4,2,4,1,3,4,2,1,1,4,1,5,1,0,5,1,Security,Web Developer
S2251,23,7.19,4,4,1,1,5,3,1,1,2,2,4,1,4,3,3,2,1,1,0,Cloud,Business Analyst
S2252,21,7.44,5,2,3,1,3,4,2,1,5,4,3,2,3,1,3,2,2,0,2,Data,Software Developer
S2253,21,9.59,4,5,4,4,4,4,5,3,1,3,3,3,2,5,4,1,2,5,0,Business,Data Scientist
S2254,20,7.05,1,2,5,3,2,4,1,2,2,4,2,1,1,4,5,4,0,5,2,Programming,Data Scientist
S2255,26,7.3,4,4,2,3,4,2,3,3,1,4,4,1,5,4,2,1,1,4,0,Database,Database Administrator
S2256,22,7.67,5,3,5,2,3,4,4,4,4,2,2,2,4,4,4,3,1,3,4,Cloud,Data Analyst
S2257,25,8.56,1,1,2,1,1,1,5,1,5,3,1,3,2,2,3,4,2,3,3,Cloud,Data Analyst
S2258,24,7.99,3,1,4,1,2,4,5,4,1,2,1,1,2,5,5,2,3,1,3,Web,Data Scientist
S2259,26,6.64,1,3,3,4,3,4,5,4,3,4,3,3,2,2,4,1,1,2,4,Cloud,Cybersecurity Analyst
S2260,21,7.32,2,1,1,4,4,3,1,1,1,5,4,4,1,2,5,4,1,2,2,Business,Business Analyst
S2261,23,7.25,1,5,5,3,3,4,5,3,1,1,3,1,2,4,1,3,2,2,1,Data,Data Analyst
S2262,26,7.73,3,5,2,1,1,2,2,5,5,4,4,1,2,2,2,5,2,3,1,Database,Data Analyst
S2263,20,8.18,4,4,4,1,3,5,3,4,5,3,2,2,3,5,2,2,2,1,3,Programming,Data Analyst
S2264,20,8.18,1,4,1,5,4,4,4,3,2,5,1,4,3,5,2,4,0,1,1,Business,Data Analyst
S2265,24,6.2,1,2,4,2,2,4,3,5,1,3,1,4,2,2,3,4,2,2,2,Cloud,Database Administrator
S2266,23,8.76,1,4,3,2,2,4,2,4,1,4,2,4,2,5,3,4,3,0,1,Database,Cybersecurity Analyst
S2267,22,8.03,1,5,1,3,5,3,2,3,5,4,5,5,3,1,2,1,3,2,0,Data,Data Scientist
S2268,26,9.05,3,4,1,1,4,5,3,4,3,1,5,2,1,2,5,2,1,3,4,Web,Data Scientist
S2269,23,8.2,5,1,1,5,5,3,1,3,5,3,5,2,3,4,1,2,0,0,3,Programming,Business Analyst
S2270,22,8.79,5,2,2,1,5,3,2,2,3,5,4,1,3,4,3,1,1,1,1,Security,Cybersecurity Analyst
S2271,23,8.22,1,2,1,4,1,3,5,2,5,1,2,2,3,5,4,1,0,4,2,Cloud,Cloud Engineer
S2272,23,9.01,3,5,4,3,4,2,4,1,4,3,4,1,3,5,4,1,2,5,1,Cloud,Cloud Engineer
S2273,19,8.27,3,4,2,2,2,5,4,5,1,4,4,1,5,4,3,3,1,0,4,Web,Cloud Engineer
S2274,20,7.71,1,1,1,1,4,2,2,4,3,1,2,5,4,1,2,4,3,1,0,Data,Data Analyst
S2275,26,9.85,2,4,4,3,1,2,5,4,4,4,4,2,1,4,5,3,0,0,3,Web,Data Analyst
S2276,23,8.6,1,3,4,2,4,5,3,3,3,2,2,2,1,2,1,2,1,2,3,Data,Database Administrator
S2277,26,8.32,2,4,5,1,4,2,4,5,2,2,5,5,2,4,4,1,3,0,2,Programming,Data Analyst
S2278,24,6.65,1,5,4,5,5,5,5,4,2,1,5,5,5,3,3,4,3,0,0,Cloud,Web Developer
S2279,23,6.64,2,4,3,3,4,4,5,5,1,1,4,2,2,1,5,5,2,0,1,Security,Database Administrator
S2280,21,8.06,2,2,1,1,5,3,1,5,4,3,1,2,1,1,2,4,0,3,1,Web,Data Scientist
S2281,20,7.93,1,1,1,2,5,2,2,2,4,5,2,1,1,4,1,5,1,5,2,Business,Cloud Engineer
S2282,21,7.25,2,5,1,2,3,5,5,4,2,5,3,3,2,3,1,4,3,3,0,Security,Business Analyst
S2283,26,7.93,4,3,4,5,1,1,3,4,1,2,3,1,4,2,4,1,0,5,2,Security,Data Scientist
S2284,26,9.23,5,1,4,3,5,2,4,1,2,2,4,4,2,4,4,5,2,2,4,Cloud,Cybersecurity Analyst
S2285,20,8.43,3,1,1,3,4,2,1,5,4,2,1,4,4,2,3,5,0,4,4,Cloud,Data Scientist
S2286,26,6.77,2,2,2,1,5,5,3,3,3,4,2,3,4,3,1,2,0,3,1,Database,Data Analyst
S2287,21,7.7,2,2,2,2,5,1,4,2,4,5,5,5,3,4,2,4,1,4,4,Database,Data Scientist
S2288,23,7.08,3,2,3,2,5,1,2,1,1,1,4,4,1,4,2,3,0,3,2,Business,Business Analyst
S2289,23,7.45,2,5,5,5,2,4,3,2,4,2,2,5,3,2,3,3,2,1,3,Security,Business Analyst
S2290,19,7.43,3,4,3,5,2,2,4,3,5,3,2,5,1,4,1,2,3,1,4,Programming,Data Scientist
S2291,24,7.37,1,1,1,3,2,3,1,1,4,1,2,1,3,3,4,2,1,0,2,Business,Web Developer
S2292,26,6.67,4,4,1,2,2,2,4,2,5,1,1,5,4,4,2,2,3,4,3,Security,Business Analyst
S2293,21,7.69,4,4,1,1,3,3,5,3,2,1,2,3,3,5,5,1,0,0,3,Data,Data Scientist
S2294,26,7.3,5,2,5,4,5,3,1,1,5,5,1,1,5,3,3,1,2,5,4,Business,Business Analyst
S2295,26,5.16,2,4,4,1,3,5,3,3,4,2,1,3,3,1,2,1,3,0,0,Database,Cloud Engineer
S2296,22,9.65,5,1,5,5,4,2,2,1,4,3,2,5,3,2,5,1,2,3,4,Data,Software Developer
S2297,19,8.78,1,1,3,1,1,5,1,4,4,4,5,4,3,3,5,2,0,3,4,Data,Data Analyst
S2298,21,7.46,4,3,4,2,3,4,1,4,1,3,2,5,5,1,2,2,0,0,0,Data,Data Scientist
S2299,21,7.82,1,5,4,3,2,3,1,2,2,3,5,3,1,1,3,1,3,5,4,Web,Database Administrator
S2300,26,6.75,1,4,3,4,2,1,4,5,5,3,4,2,3,3,5,1,1,3,2,Database,Web Developer
S2301,19,9.33,2,5,4,3,4,3,5,5,3,4,3,2,1,1,5,5,2,5,0,Programming,Web Developer
S2302,23,9.51,1,5,2,4,5,4,2,3,5,3,4,4,2,1,1,4,2,1,2,Web,Business Analyst
S2303,21,7.94,4,5,3,4,1,3,2,1,4,3,1,3,4,5,1,5,2,1,3,Web,Web Developer
S2304,23,8.72,5,5,3,2,3,5,5,4,3,2,4,4,2,4,1,4,0,4,0,Data,Data Scientist
S2305,19,7.96,4,1,2,2,5,2,4,5,3,2,3,1,5,5,5,1,0,1,3,Programming,Software Developer
S2306,23,6.6,2,4,5,5,5,1,4,4,5,2,3,5,5,4,5,1,3,5,1,Database,Database Administrator
S2307,20,7.43,4,3,5,5,3,5,5,3,5,1,5,1,1,1,3,1,3,0,1,Programming,Data Scientist
S2308,22,7.92,3,5,5,4,3,2,5,3,5,3,4,2,1,4,4,5,0,2,2,Security,Data Analyst
S2309,25,7.39,5,3,4,5,3,1,3,1,5,5,1,5,3,5,1,2,1,3,3,Business,Data Scientist
S2310,21,7.6,3,1,2,2,3,4,4,5,2,5,1,1,2,2,4,4,2,0,3,Web,Software Developer
S2311,24,7.72,3,1,3,5,2,3,1,3,1,5,5,2,1,2,1,5,2,3,0,Business,Data Analyst
S2312,22,7.73,2,2,3,4,5,1,2,3,1,4,5,1,1,4,1,1,0,4,1,Business,Web Developer
S2313,25,7.85,1,5,3,3,5,4,4,4,5,2,4,5,1,2,3,2,1,0,2,Programming,Web Developer
S2314,23,6.85,3,2,4,1,2,2,5,2,1,2,5,1,4,3,3,5,1,0,2,Database,Cybersecurity Analyst
S2315,21,7.15,4,3,4,5,5,1,1,5,5,2,3,5,1,2,2,4,1,0,0,Cloud,Cybersecurity Analyst
S2316,23,6.64,1,4,5,2,3,4,3,1,5,4,1,1,4,4,1,1,1,4,0,Business,Data Analyst
S2317,20,8.68,4,2,4,3,1,2,3,1,5,3,3,4,5,1,1,4,1,0,2,Web,Business Analyst
S2318,19,5.9,4,1,5,2,5,5,1,4,2,1,2,1,3,5,1,1,3,3,0,Business,Database Administrator
S2319,21,8.84,1,5,5,5,1,3,1,1,4,2,3,1,2,2,3,1,0,2,3,Programming,Data Scientist
S2320,25,9.05,1,3,3,4,1,4,5,3,1,3,1,4,1,4,1,3,0,0,2,Cloud,Data Analyst
S2321,25,7.53,4,1,4,1,2,5,5,5,1,5,2,2,4,5,2,4,0,4,4,Business,Cybersecurity Analyst
S2322,20,5.46,2,4,5,1,4,2,2,1,2,1,4,5,1,3,5,2,2,4,1,Cloud,Database Administrator
S2323,20,7.47,5,5,2,3,5,1,2,5,2,5,2,3,1,1,2,1,1,0,1,Cloud,Cloud Engineer
S2324,26,7.74,5,4,2,1,2,3,3,1,5,3,5,2,4,5,5,2,1,4,4,Data,Software Developer
S2325,21,6.89,2,4,4,4,2,2,1,2,5,3,1,5,1,5,3,5,2,1,4,Database,Web Developer
S2326,23,7.34,1,5,3,2,1,4,3,2,4,5,5,1,2,4,4,1,1,5,3,Database,Business Analyst
S2327,24,9.18,4,5,3,4,5,3,5,5,1,1,3,2,5,3,3,1,1,4,2,Database,Software Developer
S2328,25,8.4,5,4,5,3,2,5,4,2,2,5,4,1,3,2,4,1,1,2,0,Security,Data Analyst
S2329,25,6.97,4,3,4,3,3,3,5,2,4,5,1,2,1,3,5,2,1,1,1,Business,Software Developer
S2330,20,6.36,2,5,2,1,2,5,4,3,1,5,4,2,4,1,4,3,1,3,4,Business,Data Scientist
S2331,22,7.51,4,1,5,4,3,2,1,1,4,1,1,3,2,2,5,4,3,1,2,Security,Data Scientist
S2332,20,7.61,2,2,5,2,4,1,1,2,4,4,5,4,1,3,4,1,0,2,0,Programming,Data Scientist
S2333,24,8.25,1,3,1,4,3,3,1,5,5,1,3,2,5,1,5,4,3,5,1,Database,Business Analyst
S2334,23,7.32,2,5,4,2,3,1,2,3,4,5,2,1,5,5,4,4,1,1,2,Programming,Business Analyst
S2335,23,8.26,2,5,5,2,1,1,2,2,5,2,4,3,4,5,5,4,0,0,1,Business,Web Developer
S2336,22,9.54,5,3,2,4,2,3,4,5,1,2,1,2,1,5,2,2,0,4,3,Database,Software Developer
S2337,25,8.53,4,2,1,5,4,3,3,1,1,3,1,4,1,5,1,4,0,0,1,Business,Software Developer
S2338,20,7.76,5,4,2,4,2,1,3,2,5,4,4,1,1,2,2,5,0,0,3,Security,Cloud Engineer
S2339,26,7.64,3,1,3,2,3,4,4,5,3,3,2,3,5,5,3,2,2,0,3,Cloud,Business Analyst
S2340,23,7.48,2,5,1,3,3,4,2,5,4,3,3,5,1,2,4,2,0,1,3,Programming,Software Developer
S2341,24,8.86,3,2,1,3,2,3,5,4,1,2,1,4,1,2,5,5,2,3,0,Business,Software Developer
S2342,21,7.24,5,1,5,1,4,1,4,5,4,1,1,5,1,3,2,3,2,5,0,Data,Web Developer
S2343,19,7.84,4,3,3,3,4,1,3,4,3,3,4,5,1,5,2,3,0,4,3,Database,Web Developer
S2344,19,7.85,5,5,5,5,1,2,4,1,4,3,4,3,4,4,5,1,1,1,2,Data,Data Scientist
S2345,19,7.35,4,4,4,2,3,1,4,1,3,4,1,3,5,5,4,3,1,5,3,Security,Cybersecurity Analyst
S2346,26,6.56,4,3,2,4,3,4,1,3,2,2,1,3,3,4,3,1,0,0,2,Programming,Cloud Engineer
S2347,25,8.09,1,5,2,4,1,2,2,4,3,1,1,5,4,5,3,4,0,2,1,Programming,Data Scientist
S2348,20,7.75,2,2,5,5,2,4,1,5,1,4,5,1,1,2,3,1,2,2,0,Business,Data Scientist
S2349,22,8.25,5,1,2,3,3,5,2,3,5,1,1,3,3,5,5,3,3,0,2,Business,Data Analyst
S2350,26,7.32,4,1,2,2,2,3,4,3,5,1,3,4,2,5,2,1,2,3,2,Database,Data Scientist
S2351,26,8.9,5,5,4,3,4,5,2,1,4,3,3,3,3,5,3,2,1,5,2,Cloud,Database Administrator
S2352,23,7.01,5,3,3,1,5,3,3,5,2,4,2,3,4,5,2,3,3,4,4,Programming,Data Analyst
S2353,21,9.34,4,4,1,3,1,4,1,4,4,3,4,3,5,3,3,1,3,5,0,Security,Business Analyst
S2354,26,6.23,3,2,5,1,3,4,4,1,3,5,2,5,4,3,3,3,3,1,4,Programming,Cloud Engineer
S2355,24,8.19,2,5,5,4,1,5,3,3,5,1,1,1,5,2,4,5,2,3,1,Business,Data Analyst
S2356,21,8.23,2,2,4,2,4,3,2,2,3,4,4,3,5,2,5,3,2,2,2,Programming,Cloud Engineer
S2357,24,7.08,1,1,4,1,4,3,2,3,5,2,1,5,5,4,4,5,0,0,0,Data,Data Analyst
S2358,25,8.18,1,4,1,3,4,2,3,2,5,3,4,4,2,2,2,1,2,1,0,Security,Software Developer
S2359,20,8.95,1,2,3,3,4,1,2,1,5,5,5,1,3,3,2,5,2,3,0,Web,Data Analyst
S2360,19,5.8,2,5,5,4,5,2,1,4,1,5,5,5,4,2,5,3,3,5,2,Security,Software Developer
S2361,26,8.25,3,4,4,5,2,4,5,5,3,5,5,2,4,4,3,2,3,3,3,Security,Business Analyst
S2362,20,5.56,2,3,5,5,2,5,2,2,4,3,2,4,5,4,5,5,2,3,3,Business,Business Analyst
S2363,25,6.93,2,5,2,3,5,3,4,5,2,2,4,4,2,3,3,3,1,5,3,Web,Web Developer
S2364,22,9.27,2,2,5,5,2,2,2,1,4,4,2,2,2,2,1,2,3,1,4,Database,Web Developer
S2365,22,7.28,2,4,3,2,4,5,4,1,3,1,4,5,1,4,1,4,0,4,2,Business,Business Analyst
S2366,25,6.74,3,5,3,5,2,5,2,1,2,2,1,5,2,2,5,5,1,5,1,Web,Web Developer
S2367,24,7.62,1,4,5,2,1,1,2,4,4,3,5,4,5,2,1,5,3,1,4,Data,Data Analyst
S2368,23,9.66,5,4,2,3,2,3,4,2,2,4,5,5,5,3,1,1,0,5,0,Cloud,Data Analyst
S2369,23,6.15,1,4,3,3,1,5,1,5,3,1,4,2,3,3,2,4,3,0,3,Security,Web Developer
S2370,24,6.85,1,2,4,3,3,3,5,3,5,4,2,5,5,2,3,1,0,1,0,Security,Cloud Engineer
S2371,22,9.15,5,5,5,4,1,2,5,1,3,1,2,4,3,5,1,1,3,3,4,Security,Cloud Engineer
S2372,22,9.47,2,1,2,5,1,5,1,5,1,1,3,5,2,5,4,3,3,4,3,Security,Data Analyst
S2373,26,7.71,3,1,4,1,4,5,2,5,2,5,5,1,1,1,2,1,2,4,2,Data,Data Scientist
S2374,22,6.68,3,2,5,1,4,2,5,4,3,3,5,2,4,1,3,5,1,0,3,Security,Data Analyst
S2375,20,9.69,1,2,2,3,4,3,1,2,5,2,2,2,5,1,2,1,1,0,3,Web,Business Analyst
S2376,22,9.23,5,4,4,5,1,3,1,4,5,5,5,3,2,3,4,2,2,2,3,Web,Web Developer
S2377,21,8.41,4,5,3,2,5,5,5,4,3,5,2,5,5,2,3,5,3,2,4,Programming,Web Developer
S2378,26,7.07,2,5,5,1,4,2,4,5,4,4,3,2,3,4,5,3,1,2,3,Data,Cybersecurity Analyst
S2379,19,7.76,1,3,5,3,4,4,3,2,3,1,4,5,2,2,5,1,0,1,4,Programming,Web Developer
S2380,22,7.66,3,3,3,1,1,3,4,2,5,1,4,1,4,2,2,2,0,4,0,Security,Data Scientist
S2381,24,8.1,5,1,1,1,3,4,2,2,3,4,3,4,3,1,5,2,3,0,2,Database,Business Analyst
S2382,19,9.11,5,3,4,1,3,5,4,1,1,3,5,4,2,2,3,5,3,2,3,Data,Cloud Engineer
S2383,20,8.59,1,3,3,3,2,4,3,2,4,1,1,3,4,1,4,1,0,0,4,Database,Data Analyst
S2384,24,6.83,4,1,5,3,3,4,3,5,3,5,5,3,3,2,4,2,3,2,3,Data,Database Administrator
S2385,19,9.04,3,1,4,4,4,3,1,1,5,5,2,2,4,4,5,1,2,1,3,Cloud,Data Analyst
S2386,24,8.08,1,3,4,4,5,5,2,3,3,1,1,2,2,5,1,5,1,5,3,Cloud,Data Scientist
S2387,20,8.42,4,5,1,4,2,4,1,4,3,1,3,2,3,5,1,4,0,1,1,Database,Data Scientist
S2388,26,9.12,5,3,5,1,5,3,4,2,2,3,4,1,1,3,1,2,2,3,2,Programming,Database Administrator
S2389,21,6.8,2,4,2,5,5,4,4,3,3,1,4,3,5,4,5,3,0,0,2,Programming,Data Scientist
S2390,20,7.77,3,4,1,3,4,3,5,2,1,3,5,3,1,2,5,1,0,5,4,Web,Database Administrator
S2391,20,7.32,3,4,1,4,1,5,1,4,5,5,4,4,4,4,5,5,3,5,0,Database,Business Analyst
S2392,24,6.39,4,2,2,5,1,2,1,5,2,3,5,3,2,2,3,5,1,3,0,Web,Software Developer
S2393,26,8.11,1,4,2,4,1,3,1,5,3,1,2,3,5,4,1,3,2,5,0,Business,Business Analyst
S2394,25,10.0,5,5,1,4,3,3,1,4,4,2,2,1,2,4,2,4,0,1,3,Database,Business Analyst
S2395,23,6.14,4,2,4,5,1,4,3,3,1,1,3,2,4,5,3,1,0,5,4,Business,Cloud Engineer
S2396,22,7.77,2,2,3,4,4,5,5,1,1,2,2,1,2,4,3,4,3,1,3,Database,Data Analyst
S2397,22,8.38,2,4,3,1,3,1,2,1,1,5,5,5,3,3,5,5,2,5,1,Business,Web Developer
S2398,21,7.91,2,3,1,1,1,1,2,2,2,4,4,4,3,2,5,2,3,5,4,Web,Data Analyst
S2399,21,7.7,4,1,4,1,5,2,2,4,3,5,2,4,4,1,3,4,3,0,4,Data,Data Analyst
S2400,22,6.63,5,3,2,2,4,5,3,4,1,5,2,4,2,4,5,2,2,3,4,Security,Data Scientist
S2401,23,8.01,3,3,1,4,4,3,5,1,3,5,5,2,4,1,1,3,1,5,1,Programming,Cybersecurity Analyst
S2402,22,7.12,1,2,5,2,2,1,5,3,4,3,2,2,5,5,3,5,3,5,4,Web,Data Analyst
S2403,25,5.83,3,2,4,3,4,2,3,4,3,5,4,2,2,1,3,2,0,3,1,Database,Data Scientist
S2404,23,8.88,5,2,5,5,5,5,1,5,3,4,4,4,3,3,3,1,1,3,0,Data,Data Scientist
S2405,21,8.66,3,5,5,3,4,2,4,5,3,1,4,4,1,3,5,5,0,0,4,Cloud,Database Administrator
S2406,19,7.85,4,5,1,2,2,1,1,4,5,2,4,4,3,5,3,3,1,0,3,Security,Web Developer
S2407,24,8.01,2,1,4,1,4,4,2,3,2,5,1,5,2,3,2,1,0,0,2,Cloud,Business Analyst
S2408,25,8.77,5,2,5,4,4,4,1,5,3,2,4,5,2,2,2,5,3,4,1,Business,Web Developer
S2409,25,8.0,5,4,4,4,2,5,3,3,1,5,1,4,2,3,1,4,3,5,0,Database,Software Developer
S2410,26,8.61,3,2,3,1,4,2,2,1,5,3,4,2,2,4,3,5,3,1,0,Cloud,Business Analyst
S2411,21,7.53,4,5,5,4,3,3,4,2,3,2,4,2,5,3,3,1,2,4,2,Database,Database Administrator
S2412,21,8.98,3,2,5,5,4,1,2,1,5,5,5,5,1,2,5,2,3,4,4,Security,Data Scientist
S2413,20,8.09,3,5,4,5,1,4,1,2,2,5,4,5,3,5,4,2,1,1,3,Data,Data Scientist
S2414,25,7.97,5,2,3,5,1,4,5,5,5,4,2,4,5,3,4,5,3,5,2,Database,Data Analyst
S2415,20,6.66,3,4,5,3,3,2,5,2,1,4,4,4,4,2,3,5,2,2,4,Cloud,Software Developer
S2416,20,8.06,2,1,1,1,4,4,5,2,3,4,3,2,2,4,1,3,0,2,4,Data,Cybersecurity Analyst
S2417,24,7.05,3,4,4,5,5,2,2,4,1,3,5,3,3,1,2,4,2,2,1,Cloud,Business Analyst
S2418,20,7.23,2,5,4,2,4,1,5,2,4,2,5,2,4,1,3,3,1,0,3,Web,Data Scientist
S2419,23,7.07,5,3,5,5,1,2,3,4,5,3,4,2,1,5,3,3,1,0,3,Database,Data Scientist
S2420,22,6.84,4,4,3,3,2,4,4,2,5,1,3,4,3,5,1,2,2,3,1,Business,Business Analyst
S2421,19,9.71,2,2,5,2,3,2,5,4,5,5,4,3,5,1,1,2,0,3,4,Security,Business Analyst
S2422,21,9.0,4,1,2,1,2,4,3,5,2,5,2,3,4,1,4,1,3,4,4,Programming,Data Scientist
S2423,23,9.53,4,2,5,1,5,5,3,5,1,5,5,4,3,5,3,3,1,3,3,Security,Cybersecurity Analyst
S2424,19,6.7,2,2,2,5,4,4,2,2,4,4,5,1,5,1,3,1,3,0,3,Cloud,Cloud Engineer
S2425,25,7.86,5,4,1,2,5,4,2,3,2,5,3,4,2,3,5,5,0,4,3,Cloud,Software Developer
S2426,25,6.64,1,1,4,2,2,4,4,5,2,4,1,5,3,2,2,1,1,3,3,Business,Cybersecurity Analyst
S2427,25,7.17,4,3,4,5,4,5,4,1,3,1,3,3,2,5,5,2,0,3,4,Database,Cybersecurity Analyst
S2428,23,6.97,4,2,3,5,5,3,1,1,4,3,2,4,4,2,5,3,0,2,3,Web,Web Developer
S2429,23,8.92,5,1,5,4,1,4,4,4,5,3,3,2,4,4,2,2,2,0,4,Web,Data Analyst
S2430,21,7.44,5,3,1,4,1,3,2,3,5,3,1,2,4,4,3,5,0,4,1,Security,Cybersecurity Analyst
S2431,22,8.76,3,2,2,5,3,1,3,4,3,4,2,2,2,3,4,4,1,1,0,Programming,Data Analyst
S2432,26,8.34,5,1,3,3,1,2,1,2,5,2,2,4,2,4,2,3,2,5,1,Business,Business Analyst
S2433,20,9.87,4,4,1,4,1,3,4,5,1,2,1,1,5,5,1,2,1,3,1,Security,Software Developer
S2434,25,6.47,2,2,1,5,2,1,3,3,5,1,4,5,3,3,3,4,2,0,2,Programming,Business Analyst
S2435,24,8.93,1,2,2,2,1,2,2,4,1,2,3,2,5,3,2,5,2,4,1,Data,Business Analyst
S2436,22,8.83,3,1,2,4,1,4,5,4,3,1,2,4,2,5,2,4,0,5,2,Cloud,Business Analyst
S2437,24,6.92,2,2,4,3,2,4,1,1,3,5,3,1,3,1,2,2,0,0,2,Data,Data Scientist
S2438,21,8.71,1,3,5,1,1,4,3,2,1,3,1,3,4,2,4,2,3,0,2,Security,Software Developer
S2439,21,8.1,1,2,3,2,1,5,2,4,5,4,5,3,5,5,5,5,1,4,1,Programming,Business Analyst
S2440,21,7.6,1,5,5,3,3,5,2,1,3,1,1,5,5,1,5,5,1,2,0,Programming,Data Analyst
S2441,19,7.06,2,3,3,3,1,5,1,3,3,4,3,4,5,1,2,4,3,5,2,Data,Software Developer
S2442,24,7.15,3,1,1,3,1,5,1,4,1,4,2,4,2,4,2,4,0,2,3,Web,Business Analyst
S2443,22,9.64,3,3,2,2,3,1,4,1,3,3,3,2,3,3,5,2,1,3,3,Web,Data Analyst
S2444,26,7.8,1,5,2,3,2,1,4,2,5,5,5,1,4,3,4,5,1,2,4,Business,Business Analyst
S2445,22,8.5,2,5,1,1,1,4,1,5,3,5,2,5,2,4,3,1,0,3,3,Data,Cloud Engineer
S2446,23,7.09,1,2,1,4,5,2,1,3,1,2,5,1,4,4,5,5,2,3,3,Web,Data Analyst
S2447,23,7.1,5,2,3,2,2,5,3,4,5,5,4,5,1,3,2,3,0,4,2,Programming,Business Analyst
S2448,25,8.77,3,4,1,3,2,2,4,1,4,3,1,4,1,5,4,3,3,0,1,Security,Data Scientist
S2449,26,6.59,4,3,3,5,1,1,2,4,1,4,4,4,4,5,4,5,1,1,3,Web,Data Scientist
S2450,23,7.43,1,4,5,4,3,5,4,5,4,1,3,5,1,5,2,4,2,1,1,Business,Data Analyst
S2451,21,7.83,5,5,2,2,2,1,4,4,3,1,4,1,3,5,1,3,3,2,0,Programming,Web Developer
S2452,22,7.9,3,2,2,5,3,1,1,4,5,5,1,3,3,4,4,2,0,4,3,Business,Data Scientist
S2453,24,7.64,2,2,2,5,5,3,1,1,3,2,2,3,2,2,5,2,2,1,0,Database,Database Administrator
S2454,21,8.16,3,2,5,3,3,1,4,5,5,1,5,2,4,2,1,2,1,0,0,Security,Cybersecurity Analyst
S2455,19,8.42,2,1,5,2,4,4,5,3,2,2,2,2,2,3,3,5,2,3,4,Programming,Business Analyst
S2456,23,8.46,2,5,4,3,3,1,5,1,3,1,4,1,3,2,5,3,1,3,1,Database,Data Analyst
S2457,21,6.91,1,2,3,1,2,5,4,5,3,2,3,4,3,5,2,4,0,4,1,Database,Cloud Engineer
S2458,21,7.54,1,5,3,5,3,4,5,5,3,2,4,1,3,4,1,2,2,2,4,Database,Data Scientist
S2459,19,8.88,3,2,4,1,3,1,4,4,1,4,1,5,5,5,5,4,2,0,2,Cloud,Web Developer
S2460,20,8.61,5,3,2,3,4,4,1,2,5,3,1,3,1,1,4,2,2,2,4,Database,Cloud Engineer
S2461,22,6.56,3,5,3,4,4,1,1,2,5,1,3,2,2,4,2,5,1,2,4,Security,Database Administrator
S2462,24,8.12,4,4,3,5,1,4,1,3,5,5,2,1,2,1,1,2,0,4,4,Cloud,Software Developer
S2463,25,6.02,2,1,2,4,2,2,2,4,1,3,1,1,3,1,4,5,0,3,0,Database,Business Analyst
S2464,20,7.84,2,4,1,2,1,3,1,2,5,4,1,5,5,3,2,3,1,2,1,Web,Database Administrator
S2465,23,9.51,1,5,1,5,4,4,1,1,3,4,3,4,2,1,2,3,2,2,2,Business,Data Scientist
S2466,21,6.95,5,2,4,1,3,5,4,3,4,4,2,4,2,2,1,4,1,0,3,Web,Data Scientist
S2467,26,7.05,1,5,5,4,4,3,5,4,2,5,4,3,5,2,1,2,1,5,3,Programming,Cybersecurity Analyst
S2468,19,8.49,4,1,3,2,5,3,5,1,5,1,5,2,3,1,1,3,3,3,3,Data,Database Administrator
S2469,19,6.41,3,5,3,5,3,1,1,2,1,1,3,4,5,3,5,1,0,2,2,Programming,Database Administrator
S2470,26,7.23,3,2,4,2,1,4,1,2,1,2,2,4,1,1,2,1,1,5,3,Database,Software Developer
S2471,22,8.34,5,4,4,1,3,3,1,2,5,2,5,4,2,4,3,4,2,1,2,Business,Business Analyst
S2472,20,7.23,1,3,3,5,5,5,4,2,4,2,3,1,1,4,4,3,1,5,3,Business,Cybersecurity Analyst
S2473,25,7.59,1,4,2,2,4,5,4,5,5,5,4,4,2,4,1,5,1,1,3,Business,Data Scientist
S2474,22,8.47,4,2,2,3,2,5,4,3,1,3,4,5,1,4,2,1,1,3,2,Cloud,Cloud Engineer
S2475,26,8.18,3,2,5,5,2,1,5,3,2,1,2,3,2,1,4,3,2,3,1,Business,Business Analyst
S2476,21,8.04,1,1,3,5,2,2,2,2,4,2,2,4,3,5,3,5,3,4,2,Security,Cloud Engineer
S2477,26,7.49,5,5,3,5,4,4,5,3,5,5,4,2,4,5,4,2,1,5,2,Data,Data Scientist
S2478,22,8.13,3,5,3,5,2,3,4,1,2,5,4,1,5,4,3,3,0,2,4,Programming,Data Scientist
S2479,24,7.69,4,4,3,3,5,4,3,1,5,2,3,5,2,3,1,2,1,1,0,Cloud,Data Scientist
S2480,19,8.21,5,3,4,1,4,3,2,3,4,4,2,3,5,3,5,1,3,5,0,Cloud,Cloud Engineer
S2481,19,7.35,2,3,1,3,2,1,1,2,1,4,5,1,2,1,3,2,1,1,1,Web,Database Administrator
S2482,23,7.64,4,1,3,3,1,4,5,4,4,4,4,5,4,5,1,1,0,3,1,Programming,Data Analyst
S2483,23,6.91,5,2,1,2,4,1,2,2,3,2,5,1,3,1,4,4,3,3,1,Programming,Business Analyst
S2484,26,7.77,1,1,2,4,4,1,3,5,5,5,2,3,3,2,4,4,0,0,0,Business,Data Scientist
S2485,25,7.07,2,5,5,4,3,4,2,4,2,5,2,3,5,4,4,1,0,0,1,Database,Data Analyst
S2486,21,6.8,4,2,2,2,2,4,5,5,2,1,1,4,4,2,5,5,0,3,1,Business,Software Developer
S2487,24,8.03,1,1,3,3,1,3,4,3,4,4,4,2,5,2,2,4,3,0,2,Cloud,Data Scientist
S2488,20,7.99,2,4,2,2,5,5,1,5,4,2,2,4,3,3,3,5,3,3,2,Programming,Data Scientist
S2489,22,8.5,3,5,4,5,4,1,4,3,4,1,2,1,1,5,2,5,0,5,0,Business,Software Developer
S2490,25,7.41,1,3,1,2,5,2,4,5,2,5,4,4,5,4,4,5,0,3,2,Database,Business Analyst
S2491,21,8.17,5,1,3,2,5,3,5,4,1,1,1,3,2,1,5,3,2,4,1,Web,Cybersecurity Analyst
S2492,23,8.3,4,5,4,5,5,3,4,5,2,4,1,3,3,4,1,3,3,0,2,Data,Database Administrator
S2493,26,8.2,2,5,1,4,3,5,4,2,1,3,1,3,2,1,5,5,1,2,4,Cloud,Software Developer
S2494,22,7.06,1,3,4,5,5,5,5,3,4,4,1,4,4,1,2,1,3,2,2,Web,Cloud Engineer
S2495,23,7.93,3,3,2,1,2,1,5,1,3,4,3,5,3,5,4,4,2,5,0,Web,Data Analyst
S2496,26,8.13,4,3,3,2,2,3,3,5,2,2,4,4,3,2,3,2,2,4,1,Security,Software Developer
S2497,22,7.81,4,1,2,2,1,3,4,3,4,3,4,4,5,1,5,3,0,2,1,Data,Software Developer
S2498,20,5.92,1,3,5,4,1,2,2,1,2,3,4,4,5,5,2,3,3,2,0,Web,Software Developer
S2499,21,7.94,3,4,3,3,5,1,1,3,4,3,1,4,2,2,2,2,1,5,2,Security,Data Analyst
S2500,22,9.79,2,5,2,5,5,1,1,3,2,5,1,3,5,2,1,5,3,5,1,Security,Data Analyst
S2501,24,7.48,1,3,3,3,3,5,5,1,5,1,2,2,1,4,3,2,2,4,1,Programming,Software Developer
S2502,25,7.14,2,5,1,1,5,1,5,1,2,5,3,4,3,4,2,5,1,1,4,Business,Business Analyst
S2503,19,8.14,4,2,3,5,5,2,3,4,5,3,4,4,4,4,3,3,1,4,0,Web,Web Developer
S2504,24,8.08,2,2,3,1,5,1,4,5,1,2,3,2,3,3,4,2,0,4,2,Cloud,Data Scientist
S2505,24,8.87,3,3,1,1,4,4,5,5,2,4,4,4,2,2,5,1,3,0,2,Programming,Software Developer
S2506,25,6.67,5,5,2,1,4,4,5,3,1,4,1,2,5,3,2,4,3,2,1,Data,Data Analyst
S2507,19,8.46,3,2,3,5,3,2,1,2,3,5,1,3,3,4,4,4,3,2,3,Business,Cybersecurity Analyst
S2508,24,8.33,2,3,4,5,3,5,4,2,5,5,4,5,5,5,1,4,1,1,4,Cloud,Database Administrator
S2509,22,7.67,1,5,3,4,2,3,3,3,2,2,5,4,2,4,3,2,2,4,4,Cloud,Cybersecurity Analyst
S2510,22,8.1,4,3,2,2,3,1,5,4,1,4,1,5,5,1,4,5,2,3,4,Security,Software Developer
S2511,22,8.73,5,5,1,3,2,5,5,1,4,5,2,4,4,5,3,3,0,1,1,Web,Software Developer
S2512,19,8.59,1,2,2,3,5,5,5,3,1,1,1,1,2,5,3,4,2,1,0,Security,Data Scientist
S2513,24,6.77,1,3,5,1,3,1,1,5,2,5,2,1,3,2,2,2,3,2,0,Security,Web Developer
S2514,26,8.54,3,2,3,5,3,3,5,2,3,5,3,3,3,3,3,4,0,2,4,Web,Cybersecurity Analyst
S2515,19,7.74,2,3,3,5,3,1,5,2,5,3,1,5,4,1,4,5,2,2,3,Web,Web Developer
S2516,22,7.87,3,1,1,1,2,3,1,2,4,1,1,5,1,5,1,1,2,2,3,Database,Cloud Engineer
S2517,25,7.87,2,2,3,2,2,2,5,4,1,1,3,2,5,3,2,1,0,1,2,Web,Business Analyst
S2518,24,7.66,3,2,4,3,1,3,4,5,2,2,2,2,3,3,5,3,1,5,3,Security,Data Analyst
S2519,24,8.87,1,4,4,4,2,5,4,4,2,3,5,4,4,1,1,1,0,4,4,Business,Data Analyst
S2520,23,7.72,4,2,2,2,2,2,1,1,5,1,2,2,5,1,4,1,1,5,2,Database,Database Administrator
S2521,23,6.79,2,5,1,5,4,4,4,3,4,3,4,2,2,4,2,2,3,5,4,Web,Web Developer
S2522,20,7.45,5,3,5,1,3,2,3,3,1,3,4,5,4,4,3,2,1,2,0,Web,Web Developer
S2523,26,7.96,5,1,2,3,2,3,5,2,1,4,4,1,2,5,1,3,0,0,4,Cloud,Business Analyst
S2524,26,8.91,1,5,1,1,3,2,3,2,1,1,3,5,2,5,2,3,3,1,2,Security,Database Administrator
S2525,21,8.34,3,5,1,5,3,2,4,1,5,4,2,2,2,5,5,2,0,3,4,Web,Cybersecurity Analyst
S2526,26,7.03,3,5,2,1,4,4,1,4,5,5,1,4,5,4,5,1,0,3,1,Security,Business Analyst
S2527,23,10.0,1,5,2,3,3,3,1,5,4,5,4,1,1,5,5,5,1,4,2,Data,Web Developer
S2528,19,8.04,5,1,3,1,2,5,3,1,1,4,2,2,2,5,2,1,1,1,3,Programming,Software Developer
S2529,26,8.95,5,4,5,3,3,2,4,3,1,5,1,2,3,4,1,1,1,1,0,Cloud,Database Administrator
S2530,23,7.66,3,2,4,1,1,1,5,3,4,4,2,4,5,4,3,5,3,1,3,Database,Business Analyst
S2531,20,8.28,2,5,3,1,1,5,4,4,4,2,3,4,5,5,1,3,1,5,4,Cloud,Business Analyst
S2532,24,8.56,4,2,1,3,4,2,4,1,4,3,4,2,2,5,3,2,3,0,3,Database,Data Scientist
S2533,26,8.9,2,2,5,1,2,5,1,5,2,2,5,2,3,3,1,3,0,0,2,Security,Database Administrator
S2534,20,8.75,5,5,5,2,4,1,2,1,4,1,4,5,4,2,1,3,0,5,1,Web,Web Developer
S2535,24,8.58,2,4,2,4,1,5,5,1,3,2,4,3,5,4,2,3,1,2,3,Database,Business Analyst
S2536,25,7.52,4,2,5,2,2,5,5,4,5,2,3,4,2,2,5,2,2,5,4,Security,Data Analyst
S2537,25,7.29,2,3,5,4,3,1,1,5,4,5,1,4,2,4,5,3,0,3,3,Business,Data Analyst
S2538,24,8.1,2,2,1,2,2,1,4,3,2,4,4,5,1,3,5,3,2,5,3,Programming,Data Scientist
S2539,26,8.64,2,5,3,4,5,1,1,2,3,1,1,1,1,2,5,4,2,0,2,Cloud,Web Developer
S2540,21,7.6,2,1,5,1,2,4,4,5,2,5,1,1,4,3,1,1,2,3,4,Cloud,Cloud Engineer
S2541,23,8.76,1,2,2,3,3,1,2,3,2,1,3,1,4,1,5,4,1,5,4,Programming,Data Analyst
S2542,19,9.11,5,4,3,3,5,5,2,4,2,3,4,4,4,2,1,2,3,1,1,Security,Cloud Engineer
S2543,19,6.98,4,3,2,5,4,1,3,5,2,4,3,3,4,2,3,5,0,0,2,Cloud,Business Analyst
S2544,22,7.05,5,3,5,4,2,2,4,5,1,5,3,3,2,2,4,5,2,3,2,Web,Cloud Engineer
S2545,24,7.67,1,1,3,5,4,1,1,3,5,2,5,5,2,1,4,4,3,0,0,Security,Cybersecurity Analyst
S2546,19,8.08,1,1,5,5,2,1,1,3,1,3,3,1,2,1,3,4,1,1,1,Web,Business Analyst
S2547,26,7.33,1,2,1,4,1,3,1,1,3,2,5,1,3,3,1,4,0,1,1,Database,Business Analyst
S2548,21,9.02,1,5,3,3,1,5,3,1,1,1,1,2,4,1,5,1,3,1,4,Business,Business Analyst
S2549,24,8.18,2,4,2,4,3,5,5,5,3,3,1,5,3,4,2,2,1,2,4,Business,Cloud Engineer
S2550,21,7.84,5,3,1,1,1,2,1,2,4,5,2,5,5,5,1,3,0,5,1,Business,Web Developer
S2551,26,6.51,3,1,4,5,5,4,2,4,3,2,2,4,5,2,1,4,0,3,2,Data,Data Scientist
S2552,19,6.62,4,4,2,5,5,3,1,3,1,2,1,4,2,3,3,1,1,2,0,Programming,Software Developer
S2553,19,8.05,1,5,5,4,2,2,1,1,1,1,4,5,5,3,3,5,2,4,4,Business,Database Administrator
S2554,22,5.88,5,3,2,5,4,2,1,4,3,1,2,3,2,3,2,5,0,4,0,Cloud,Data Analyst
S2555,19,8.71,1,3,4,3,5,5,5,5,1,4,3,5,4,3,5,5,0,0,1,Programming,Data Scientist
S2556,24,7.66,1,5,2,5,2,3,1,3,3,4,2,3,3,2,4,4,2,0,2,Programming,Data Scientist
S2557,26,10.0,1,3,1,4,4,5,5,3,2,1,1,4,2,3,5,5,3,0,0,Web,Data Analyst
S2558,25,9.88,1,5,2,3,1,4,5,1,5,4,4,5,1,2,5,5,0,2,3,Database,Database Administrator
S2559,26,7.64,1,3,3,3,2,5,3,2,3,2,1,3,1,3,1,5,3,5,1,Cloud,Database Administrator
S2560,24,7.7,4,2,4,5,4,1,2,3,2,1,4,2,4,3,2,3,2,1,2,Data,Business Analyst
S2561,24,8.7,5,5,2,4,3,5,1,2,2,3,2,2,3,5,1,5,0,0,1,Programming,Data Scientist
S2562,22,9.33,1,4,4,5,3,1,1,4,2,1,3,5,2,4,3,1,2,0,1,Web,Software Developer
S2563,22,6.33,1,2,1,1,5,2,1,3,2,5,3,1,4,1,4,4,0,5,0,Business,Data Scientist
S2564,19,6.19,1,4,3,1,4,4,5,3,3,5,1,5,3,1,2,3,0,4,0,Web,Cloud Engineer
S2565,20,7.24,1,3,5,3,3,1,4,2,1,1,4,4,1,1,2,3,0,1,3,Business,Data Analyst
S2566,26,8.32,2,4,2,5,5,4,2,1,2,3,2,4,2,4,5,4,2,2,4,Database,Database Administrator
S2567,26,8.25,2,2,1,1,2,5,1,5,4,1,4,2,3,2,1,5,0,5,3,Cloud,Business Analyst
S2568,20,8.76,3,5,4,2,2,5,4,4,2,3,4,3,5,1,5,5,3,1,2,Security,Data Analyst
S2569,22,6.72,1,1,4,1,4,2,4,3,1,2,4,2,2,1,5,2,1,4,2,Security,Database Administrator
S2570,19,5.72,3,4,1,5,4,5,4,1,1,2,2,3,5,1,2,5,1,2,1,Database,Web Developer
S2571,20,8.57,4,1,2,5,4,1,2,3,5,3,4,5,4,2,4,1,1,3,0,Data,Data Analyst
S2572,19,7.05,3,4,5,1,4,2,4,4,5,4,3,1,3,4,3,5,3,0,1,Database,Cloud Engineer
S2573,19,5.98,5,4,2,5,3,4,1,5,2,2,1,4,3,4,5,4,0,2,4,Business,Business Analyst
S2574,19,7.93,2,5,3,5,3,2,1,3,2,5,5,5,3,2,4,5,2,4,1,Web,Business Analyst
S2575,23,8.51,2,3,2,2,5,4,3,2,5,1,4,2,3,5,5,4,2,1,2,Security,Software Developer
S2576,24,7.69,1,2,3,3,3,3,5,1,2,4,3,5,2,3,4,3,0,2,2,Database,Data Scientist
S2577,19,7.39,1,2,4,5,2,1,4,5,4,5,3,1,5,2,1,2,3,4,3,Programming,Data Scientist
S2578,23,7.66,4,2,3,4,5,1,5,3,3,1,1,3,5,3,3,3,1,5,1,Data,Data Scientist
S2579,22,7.47,4,3,5,3,3,4,5,5,5,5,1,1,4,4,2,4,3,2,0,Business,Data Scientist
S2580,20,6.59,5,1,1,3,4,5,5,2,5,4,5,2,4,3,1,2,3,0,4,Programming,Business Analyst
S2581,24,7.16,1,2,3,4,3,5,5,3,1,3,5,1,3,1,5,3,2,5,4,Security,Business Analyst
S2582,25,8.27,1,1,2,1,1,3,5,5,2,1,5,4,1,3,5,5,0,1,0,Web,Business Analyst
S2583,20,8.09,4,3,3,2,5,4,1,3,5,5,2,1,1,3,3,5,2,5,4,Security,Business Analyst
S2584,24,7.95,4,3,4,5,3,3,2,3,5,5,2,5,3,4,3,2,1,1,0,Data,Data Scientist
S2585,25,6.9,4,5,3,1,3,4,4,5,4,4,3,3,5,5,3,3,1,2,0,Business,Business Analyst
S2586,20,7.64,2,2,5,4,2,3,4,3,2,4,1,4,4,3,5,1,2,5,3,Data,Software Developer
S2587,24,5.84,3,5,3,2,4,4,1,2,3,4,4,4,2,4,5,1,0,4,1,Programming,Database Administrator
S2588,20,7.96,3,2,5,2,4,1,1,5,4,3,1,4,1,1,2,1,0,0,2,Programming,Database Administrator
S2589,20,9.09,1,3,2,2,2,3,5,5,3,2,2,2,4,3,3,3,3,0,2,Data,Cybersecurity Analyst
S2590,25,6.47,2,3,4,4,2,3,2,2,1,5,3,2,1,3,4,3,3,2,1,Database,Business Analyst
S2591,20,7.27,4,4,1,1,1,4,4,2,5,3,4,5,5,1,2,3,2,3,4,Database,Data Scientist
S2592,20,8.1,1,4,2,5,5,2,3,2,4,5,5,3,5,2,4,4,1,5,0,Programming,Data Analyst
S2593,25,8.93,2,3,2,2,4,2,1,3,3,3,5,1,3,5,1,1,0,2,2,Database,Software Developer
S2594,22,7.4,5,3,1,2,2,1,3,3,2,1,2,5,3,1,3,1,2,5,3,Cloud,Data Analyst
S2595,19,7.18,2,1,3,1,2,5,4,4,1,2,3,2,1,1,2,1,2,0,4,Business,Data Analyst
S2596,26,6.03,1,1,3,2,5,5,1,3,1,5,1,5,1,1,2,4,1,5,3,Data,Cybersecurity Analyst
S2597,21,7.89,3,5,3,2,2,1,4,2,5,4,2,3,4,2,1,4,3,1,2,Business,Data Scientist
S2598,23,9.64,4,4,4,4,1,5,1,4,5,2,1,5,3,1,1,3,1,2,1,Programming,Data Scientist
S2599,21,8.05,5,4,2,3,5,4,4,2,3,5,4,4,5,2,1,1,3,2,1,Database,Software Developer
S2600,21,7.78,2,3,5,1,1,2,3,1,3,1,1,1,4,5,2,1,3,1,3,Business,Cloud Engineer
S2601,24,8.09,1,3,1,1,3,1,2,5,1,5,4,2,4,2,5,5,0,5,4,Security,Business Analyst
S2602,19,7.79,1,5,2,1,4,4,1,1,3,5,3,2,2,5,4,5,0,2,2,Web,Data Scientist
S2603,24,7.07,4,4,3,4,2,1,3,2,5,5,2,3,5,5,4,5,3,4,0,Database,Data Analyst
S2604,19,8.54,1,1,1,4,5,2,4,3,1,2,1,3,4,5,1,4,3,1,1,Cloud,Business Analyst
S2605,25,8.0,1,2,5,5,1,5,3,5,1,5,3,3,2,4,5,3,0,1,3,Cloud,Data Analyst
S2606,25,7.82,4,5,2,4,4,4,1,3,2,4,3,2,3,5,5,2,3,5,2,Web,Cloud Engineer
S2607,26,6.92,5,2,2,1,4,2,3,3,2,3,1,4,5,2,1,1,3,1,4,Web,Web Developer
S2608,19,8.97,3,1,4,5,2,1,4,5,3,4,5,1,3,4,3,5,3,0,0,Business,Data Scientist
S2609,20,8.4,3,1,2,3,4,3,5,5,3,1,5,3,2,1,2,1,1,2,0,Business,Business Analyst
S2610,22,7.3,2,2,2,2,2,4,2,1,5,2,4,2,5,1,3,1,2,3,1,Security,Data Analyst
S2611,26,8.7,5,5,5,2,3,1,2,2,5,3,3,4,1,3,5,1,3,2,0,Business,Web Developer
S2612,26,7.35,2,2,5,5,2,1,5,3,2,2,2,3,1,5,1,3,0,2,2,Web,Web Developer
S2613,20,7.1,3,5,1,3,1,2,1,2,1,2,2,3,1,3,2,1,3,0,1,Cloud,Software Developer
S2614,22,7.12,4,5,3,2,4,1,3,2,4,5,3,1,4,5,4,3,3,4,1,Security,Cybersecurity Analyst
S2615,24,6.21,1,3,5,5,4,4,3,4,4,4,5,1,1,5,5,2,0,4,1,Web,Cybersecurity Analyst
S2616,22,8.22,3,4,1,4,4,4,5,1,3,3,3,5,4,2,2,2,0,0,2,Security,Business Analyst
S2617,24,6.15,5,4,2,1,2,1,5,3,4,5,4,3,4,2,2,4,3,0,3,Security,Cybersecurity Analyst
S2618,25,6.69,3,1,1,3,5,2,4,5,4,3,3,5,2,1,3,1,2,0,0,Business,Data Scientist
S2619,21,5.93,5,3,1,2,2,4,4,5,2,4,1,2,1,4,4,5,0,2,0,Business,Cloud Engineer
S2620,25,7.72,5,4,1,1,1,3,2,2,1,5,5,1,5,1,3,4,0,0,3,Programming,Data Scientist
S2621,25,7.66,5,5,1,5,2,5,1,1,5,3,1,4,4,5,3,4,1,3,1,Web,Business Analyst
S2622,21,7.51,2,5,5,2,4,2,1,1,2,5,1,3,2,4,3,2,3,1,4,Business,Business Analyst
S2623,22,6.86,4,2,3,1,3,2,5,3,5,2,3,3,4,3,3,5,1,4,2,Programming,Web Developer
S2624,26,6.74,3,2,1,4,1,5,2,3,2,1,3,5,5,5,5,1,1,5,1,Business,Web Developer
S2625,22,8.22,4,5,4,3,3,5,2,2,2,3,2,1,5,2,4,1,2,3,1,Cloud,Cybersecurity Analyst
S2626,24,7.3,1,5,2,5,1,4,4,2,4,4,1,5,1,1,3,2,3,5,1,Database,Database Administrator
S2627,20,8.08,3,2,2,2,1,1,3,2,5,3,3,3,4,1,5,3,3,4,0,Security,Business Analyst
S2628,24,7.0,4,4,2,4,4,1,1,4,2,1,2,1,5,3,5,2,1,2,0,Cloud,Business Analyst
S2629,20,7.96,4,1,2,3,2,3,2,1,4,3,1,3,3,1,2,5,0,2,4,Security,Data Scientist
S2630,25,8.97,1,2,2,3,4,1,4,2,3,3,2,1,5,1,2,3,0,0,2,Web,Data Analyst
S2631,21,8.33,5,4,1,4,4,3,4,1,5,3,5,3,5,4,1,5,3,4,1,Database,Data Scientist
S2632,25,7.43,3,4,3,2,4,3,4,5,2,4,4,4,4,5,5,1,2,2,0,Data,Data Scientist
S2633,19,8.03,3,4,4,3,3,2,3,5,3,1,1,5,5,4,1,3,2,2,3,Web,Data Scientist
S2634,22,7.58,1,3,5,5,1,2,2,1,4,1,3,1,2,4,5,5,3,5,0,Security,Database Administrator
S2635,20,7.81,5,3,4,1,5,4,5,5,2,4,5,5,5,1,3,1,0,5,1,Data,Data Analyst
S2636,24,7.51,3,4,5,5,2,5,5,5,4,3,2,1,3,5,3,5,2,4,1,Data,Data Scientist
S2637,21,7.65,3,5,5,3,4,5,4,5,4,3,4,1,5,1,1,3,3,2,0,Web,Data Scientist
S2638,20,7.99,3,3,4,1,1,3,4,3,4,1,1,1,1,1,3,1,3,0,3,Cloud,Database Administrator
S2639,24,6.91,5,2,1,4,2,5,3,3,5,3,4,3,4,4,3,5,0,2,3,Web,Business Analyst
S2640,22,6.89,1,3,2,1,5,3,4,1,3,2,5,2,3,2,2,4,1,3,1,Security,Cybersecurity Analyst
S2641,25,6.55,3,5,1,1,5,5,2,1,3,3,4,3,2,2,3,3,0,3,0,Database,Cloud Engineer
S2642,22,6.36,4,1,2,1,4,4,4,4,1,3,1,2,5,4,2,3,2,0,2,Cloud,Cloud Engineer
S2643,23,6.7,5,3,3,3,5,2,4,3,2,5,5,3,5,4,4,3,1,3,2,Security,Software Developer
S2644,19,7.94,2,4,5,2,5,2,2,1,4,1,2,2,2,1,5,1,0,5,1,Business,Database Administrator
S2645,23,7.0,1,4,4,3,2,3,1,3,2,1,1,1,5,5,2,3,2,2,3,Business,Software Developer
S2646,21,8.26,4,4,3,2,2,5,5,4,3,2,4,1,1,1,2,5,2,3,2,Database,Data Analyst
S2647,20,7.83,3,1,2,4,4,1,4,1,3,2,1,2,3,1,2,4,1,3,0,Cloud,Web Developer
S2648,21,6.03,2,5,1,4,1,4,2,1,4,2,5,2,5,3,5,5,0,2,4,Programming,Database Administrator
S2649,25,8.39,1,2,4,4,4,5,5,1,5,1,4,5,2,1,5,5,0,4,4,Cloud,Database Administrator
S2650,24,8.53,5,5,5,4,3,1,3,1,4,5,2,1,2,5,5,3,2,0,3,Programming,Business Analyst
S2651,22,6.91,2,1,3,4,5,4,1,2,4,5,3,3,3,1,3,4,3,4,4,Security,Software Developer
S2652,23,8.18,2,4,5,5,1,4,4,3,1,4,2,5,1,4,2,4,3,4,0,Web,Business Analyst
S2653,26,7.03,4,5,2,3,2,2,1,3,5,1,1,2,3,5,5,4,1,3,1,Security,Database Administrator
S2654,23,7.89,1,2,5,2,3,3,4,3,2,4,3,3,5,4,4,4,0,1,1,Web,Business Analyst
S2655,25,6.66,4,4,1,4,3,5,4,4,5,3,5,4,1,3,5,2,3,4,0,Business,Data Scientist
S2656,23,6.19,4,2,3,5,5,4,4,2,4,2,4,4,1,3,1,4,1,2,1,Programming,Cloud Engineer
S2657,25,7.46,3,3,3,5,2,5,1,3,4,4,4,4,2,5,1,3,2,2,0,Web,Data Analyst
S2658,26,7.69,5,2,1,5,1,4,3,3,4,4,5,3,1,2,2,4,3,2,0,Security,Cybersecurity Analyst
S2659,21,7.44,2,4,5,3,2,2,2,1,4,1,1,2,5,2,2,5,0,1,4,Security,Cloud Engineer
S2660,22,6.73,1,3,1,4,5,3,2,1,4,2,2,3,5,5,2,2,2,1,4,Security,Cloud Engineer
S2661,20,7.44,5,4,4,5,3,1,3,1,5,2,3,5,5,5,3,5,0,5,3,Database,Database Administrator
S2662,24,8.04,5,4,1,5,5,1,3,3,4,5,5,5,4,4,1,3,2,0,4,Cloud,Data Scientist
S2663,20,7.76,1,3,5,4,4,2,4,1,3,4,1,4,1,3,1,3,0,1,1,Security,Data Scientist
S2664,21,7.96,5,2,1,3,3,4,4,3,3,5,1,2,1,5,2,4,1,0,4,Cloud,Cloud Engineer
S2665,24,7.2,3,1,2,5,5,2,2,4,1,4,3,5,5,1,1,3,0,5,0,Data,Web Developer
S2666,23,8.85,5,1,1,2,1,3,4,4,2,1,5,1,2,4,1,2,0,2,4,Programming,Web Developer
S2667,26,6.74,3,1,1,1,1,1,4,5,3,1,2,1,1,3,3,5,2,1,1,Data,Data Scientist
S2668,26,8.24,2,1,5,1,1,5,3,2,1,3,2,4,4,4,4,3,0,3,3,Data,Data Scientist
S2669,19,8.86,2,5,4,1,4,1,1,1,5,4,5,4,1,3,2,3,0,5,2,Cloud,Business Analyst
S2670,21,8.23,4,1,4,3,2,3,5,1,2,4,4,4,3,1,4,2,0,3,0,Cloud,Software Developer
S2671,21,7.62,3,3,5,5,1,4,5,2,4,2,2,5,4,3,4,1,2,3,1,Database,Cybersecurity Analyst
S2672,22,7.32,2,1,5,1,4,2,4,2,4,2,4,2,2,4,3,1,3,1,1,Programming,Data Scientist
S2673,20,8.73,5,4,5,1,1,1,4,5,5,5,5,4,4,3,1,2,3,1,2,Programming,Data Scientist
S2674,21,6.52,1,1,2,4,4,1,5,2,2,3,1,3,4,4,2,3,3,1,3,Business,Data Analyst
S2675,21,6.93,1,2,3,5,1,5,3,3,3,1,5,4,1,5,5,2,0,3,0,Programming,Data Scientist
S2676,23,7.44,3,3,1,5,2,2,5,1,2,4,1,5,4,1,4,2,1,2,3,Database,Cloud Engineer
S2677,23,8.91,4,3,5,4,5,5,5,2,1,5,5,2,5,4,4,1,1,4,2,Security,Business Analyst
S2678,24,8.14,5,5,5,5,1,5,5,3,5,3,4,4,4,2,3,4,2,2,0,Security,Data Analyst
S2679,25,6.93,3,4,5,2,5,4,4,2,3,2,4,1,1,2,4,3,3,1,4,Database,Data Scientist
S2680,25,7.52,1,3,4,3,1,1,4,3,2,3,5,4,5,3,4,5,0,4,3,Programming,Cybersecurity Analyst
S2681,19,7.25,3,2,5,4,2,2,5,4,2,5,1,4,2,5,4,2,2,5,4,Cloud,Cloud Engineer
S2682,25,7.16,5,1,1,1,5,4,4,3,3,1,5,2,3,5,3,1,0,4,0,Data,Cloud Engineer
S2683,22,8.68,2,3,5,5,4,4,5,5,1,2,1,3,4,2,1,4,2,2,2,Programming,Software Developer
S2684,19,6.57,5,2,1,2,1,4,3,3,1,2,4,4,5,3,4,3,3,3,4,Business,Software Developer
S2685,24,9.25,2,1,2,2,1,3,4,2,2,1,3,4,5,5,2,2,0,0,4,Programming,Data Analyst
S2686,23,8.55,2,5,3,3,4,3,1,4,4,2,2,5,2,5,4,1,3,3,1,Data,Data Analyst
S2687,25,8.78,2,3,4,2,2,4,4,4,3,5,4,2,2,3,4,2,3,3,0,Web,Software Developer
S2688,20,7.38,3,3,1,5,3,3,3,3,1,2,5,5,3,4,2,5,0,4,2,Programming,Business Analyst
S2689,23,7.67,1,2,2,5,1,2,3,2,1,4,5,4,3,2,3,3,3,1,1,Programming,Software Developer
S2690,26,6.51,3,4,3,2,4,1,4,4,1,3,1,4,1,5,5,3,2,1,3,Security,Software Developer
S2691,22,7.33,1,5,3,5,3,2,2,3,5,5,2,1,3,4,2,3,2,4,2,Data,Data Scientist
S2692,23,8.24,5,4,3,5,1,1,5,3,4,1,4,5,3,4,5,3,2,3,1,Business,Business Analyst
S2693,22,8.97,4,3,1,1,5,3,5,3,1,5,2,2,5,4,1,1,3,2,3,Programming,Business Analyst
S2694,22,6.8,5,4,2,4,4,2,3,4,4,4,2,4,4,4,1,5,0,5,2,Business,Cybersecurity Analyst
S2695,22,7.47,3,1,5,5,5,5,4,1,2,2,4,1,4,1,4,2,3,0,1,Programming,Data Analyst
S2696,24,7.66,3,5,2,5,2,4,2,2,2,2,1,1,3,1,4,1,3,3,2,Web,Software Developer
S2697,22,6.54,1,4,2,3,3,1,1,5,5,5,1,3,1,3,3,4,2,3,4,Data,Data Analyst
S2698,22,8.33,3,1,2,4,4,1,5,5,4,2,1,2,1,2,5,3,0,0,1,Programming,Data Analyst
S2699,26,7.15,2,2,1,4,1,5,2,2,3,2,3,1,4,3,1,3,1,2,4,Web,Business Analyst
S2700,20,7.62,3,4,1,4,1,5,5,1,5,4,2,2,2,1,1,2,1,0,1,Programming,Business Analyst
S2701,19,7.39,1,5,1,2,3,4,4,2,1,1,3,4,5,3,4,3,0,4,4,Cloud,Software Developer
S2702,21,7.09,1,1,2,1,5,3,5,3,2,3,1,3,3,3,4,3,0,0,0,Web,Data Scientist
S2703,26,7.79,2,4,1,1,5,2,1,2,2,5,4,2,5,4,3,2,2,0,4,Business,Business Analyst
S2704,19,7.61,1,2,3,3,4,2,4,2,3,1,2,3,3,5,4,5,0,3,0,Database,Business Analyst
S2705,22,7.47,4,4,1,4,4,2,3,4,5,3,4,2,3,1,4,1,0,3,2,Cloud,Business Analyst
S2706,20,7.14,5,1,4,4,5,3,2,5,4,1,5,2,4,1,3,5,3,1,3,Database,Database Administrator
S2707,23,8.09,3,4,1,5,4,4,5,5,2,5,2,5,5,3,4,2,3,0,3,Programming,Data Scientist
S2708,20,9.29,4,5,1,2,5,2,4,3,1,4,4,3,5,5,4,3,1,4,3,Web,Cybersecurity Analyst
S2709,26,7.93,3,3,1,2,3,1,4,3,3,4,1,2,2,3,4,3,2,1,0,Data,Cybersecurity Analyst
S2710,22,8.7,4,1,1,3,4,1,5,4,3,4,3,5,2,2,5,5,2,5,3,Database,Cybersecurity Analyst
S2711,20,6.55,3,1,4,1,5,1,3,3,3,1,4,5,5,1,1,4,0,0,3,Database,Data Analyst
S2712,25,7.94,2,1,5,4,4,5,5,1,1,5,5,3,2,4,2,1,2,3,4,Business,Business Analyst
S2713,20,6.81,1,1,1,3,1,5,3,4,3,2,1,4,2,4,1,3,1,4,3,Security,Cloud Engineer
S2714,22,6.47,1,4,3,2,1,3,5,4,4,2,5,3,3,4,5,2,3,2,0,Programming,Data Scientist
S2715,24,7.13,2,5,4,2,2,2,4,2,4,4,3,2,4,1,2,5,1,1,4,Web,Data Scientist
S2716,25,8.87,4,2,5,2,5,5,1,2,5,1,5,4,3,1,1,1,1,3,0,Cloud,Software Developer
S2717,20,8.66,5,5,1,4,2,1,1,1,5,2,4,3,2,4,3,4,0,2,1,Web,Business Analyst
S2718,21,8.02,4,1,5,4,5,5,4,4,4,1,4,3,3,1,5,3,3,0,3,Data,Data Analyst
S2719,21,6.42,1,4,3,4,4,1,1,4,1,5,1,3,3,4,3,5,0,4,0,Web,Web Developer
S2720,20,7.62,5,4,4,5,5,2,3,2,5,4,3,3,1,2,3,3,1,3,0,Cloud,Data Scientist
S2721,24,8.07,3,1,4,1,1,3,4,5,3,3,3,4,3,2,1,5,1,3,4,Programming,Data Scientist
S2722,23,7.96,5,4,5,2,4,4,3,5,4,4,2,2,3,2,2,4,2,4,1,Business,Data Analyst
S2723,22,6.14,4,1,1,2,1,4,4,2,2,3,2,5,4,3,4,2,2,3,1,Cloud,Data Analyst
S2724,21,7.0,2,5,2,5,4,1,3,3,1,2,4,3,5,3,4,2,2,3,3,Business,Business Analyst
S2725,23,7.74,3,3,4,2,5,5,3,4,1,3,5,5,1,5,5,1,2,0,2,Business,Data Analyst
S2726,20,8.28,4,4,2,2,5,5,1,1,4,1,5,5,1,5,3,3,1,1,2,Cloud,Software Developer
S2727,26,5.82,3,1,4,4,1,1,4,5,2,3,1,5,1,5,5,3,2,2,4,Cloud,Data Analyst
S2728,23,7.65,5,1,1,4,3,2,5,3,1,2,3,3,1,2,1,3,3,5,3,Security,Web Developer
S2729,25,7.93,1,4,1,1,5,1,1,4,5,2,4,3,4,2,3,2,1,4,4,Business,Cybersecurity Analyst
S2730,19,8.56,4,2,4,2,3,2,3,3,2,4,5,3,5,2,4,1,1,2,3,Programming,Cloud Engineer
S2731,21,8.42,2,1,5,3,4,3,3,4,3,2,2,3,4,1,1,2,3,4,1,Security,Data Analyst
S2732,20,8.32,5,4,1,2,3,3,5,4,5,1,4,1,1,1,1,5,0,5,2,Business,Business Analyst
S2733,26,7.08,4,1,1,2,1,1,5,2,2,3,1,2,5,2,5,3,2,4,0,Web,Software Developer
S2734,22,6.08,2,2,3,1,2,3,3,2,4,5,4,1,4,4,5,5,1,3,2,Programming,Cloud Engineer
S2735,26,7.45,4,3,1,3,2,5,5,1,1,2,5,4,5,5,2,4,3,5,3,Programming,Business Analyst
S2736,24,8.7,5,2,3,2,1,2,2,1,5,3,1,1,4,3,4,5,0,5,2,Business,Web Developer
S2737,25,9.05,4,5,1,3,2,4,1,3,4,4,2,1,5,5,4,5,0,0,0,Web,Database Administrator
S2738,20,8.44,3,4,1,4,1,4,4,2,2,5,2,1,4,4,5,5,3,4,1,Web,Web Developer
S2739,22,8.19,5,2,5,4,5,3,5,4,3,4,5,2,1,1,4,2,1,5,1,Cloud,Cybersecurity Analyst
S2740,24,8.14,4,3,5,3,3,2,5,2,1,1,1,5,1,2,4,5,1,2,3,Business,Web Developer
S2741,24,7.3,1,1,1,2,2,5,2,4,1,4,2,4,1,1,1,3,2,1,2,Business,Data Scientist
S2742,20,7.68,4,4,4,3,5,4,4,2,5,3,1,4,4,1,3,1,2,2,3,Programming,Software Developer
S2743,25,9.3,3,2,4,3,2,5,2,4,4,5,4,2,5,4,3,4,3,5,2,Database,Data Analyst
S2744,23,6.95,2,3,1,4,4,5,4,3,2,4,3,1,5,1,2,3,3,0,4,Data,Data Scientist
S2745,23,9.25,2,2,4,3,1,4,1,2,2,4,3,5,2,1,3,1,1,1,3,Business,Cloud Engineer
S2746,24,7.51,2,5,1,5,1,4,5,5,4,1,3,3,3,5,4,3,1,3,2,Cloud,Database Administrator
S2747,23,8.99,1,4,5,5,5,3,1,5,1,3,2,2,1,5,1,5,3,2,4,Programming,Business Analyst
S2748,19,6.53,3,1,2,4,4,2,4,4,4,4,5,5,1,4,3,4,3,2,3,Web,Business Analyst
S2749,24,8.33,5,3,3,2,3,1,5,3,2,3,3,2,1,2,4,3,0,5,1,Web,Data Scientist
S2750,24,7.14,2,2,4,2,4,2,2,4,4,2,5,2,2,5,4,4,0,4,4,Data,Data Scientist
S2751,22,6.53,3,4,4,4,4,1,3,3,1,1,3,3,2,1,5,2,0,4,3,Programming,Software Developer
S2752,23,8.0,4,2,5,2,3,4,2,1,5,1,4,5,2,3,5,2,0,1,0,Security,Cybersecurity Analyst
S2753,25,8.71,1,4,4,1,3,5,3,2,1,1,3,1,1,5,3,5,0,3,1,Cloud,Software Developer
S2754,24,7.04,3,5,1,5,4,2,2,3,3,3,5,5,5,3,5,5,3,4,4,Programming,Data Scientist
S2755,26,6.45,3,2,1,1,2,5,4,4,3,4,2,5,1,2,4,2,2,5,2,Security,Cybersecurity Analyst
S2756,25,7.72,5,5,2,1,2,2,1,1,4,4,4,1,2,1,4,3,3,2,0,Web,Software Developer
S2757,19,7.72,3,3,2,1,4,2,3,4,1,3,5,3,2,5,5,1,0,1,2,Web,Business Analyst
S2758,22,8.29,5,5,2,4,2,5,4,5,1,3,1,5,3,2,1,1,3,4,0,Security,Web Developer
S2759,20,8.65,1,4,1,1,3,3,1,5,2,2,3,1,4,4,5,2,1,4,3,Security,Data Analyst
S2760,25,7.75,1,3,2,3,3,4,1,2,5,5,4,2,3,2,1,1,3,0,3,Data,Database Administrator
S2761,24,9.47,4,2,2,2,2,3,5,2,1,5,2,2,3,4,5,3,3,1,2,Programming,Data Scientist
S2762,19,8.0,5,2,1,4,3,3,5,1,4,1,1,1,1,4,4,1,2,1,2,Web,Software Developer
S2763,21,7.49,5,4,5,3,1,2,5,5,2,4,3,2,4,5,4,1,0,5,2,Cloud,Data Analyst
S2764,19,6.35,2,1,4,3,3,4,3,3,2,1,4,5,4,3,5,2,0,3,4,Web,Database Administrator
S2765,19,7.56,2,1,3,5,4,2,3,5,4,4,5,1,1,4,2,4,3,4,1,Programming,Business Analyst
S2766,22,7.5,4,2,1,5,5,1,1,2,4,4,3,5,5,1,1,4,3,1,2,Security,Data Analyst
S2767,20,8.66,1,4,1,3,2,2,3,4,1,2,4,4,1,5,2,3,0,5,3,Data,Business Analyst
S2768,21,8.22,2,1,3,5,2,5,1,1,1,3,3,3,5,4,4,4,1,3,3,Database,Business Analyst
S2769,23,6.74,3,5,3,2,3,2,4,5,2,3,4,3,5,5,1,5,0,4,2,Web,Software Developer
S2770,23,7.96,1,2,2,2,3,1,2,3,2,3,5,3,4,1,5,2,1,2,2,Data,Business Analyst
S2771,25,8.4,3,5,3,5,5,2,1,3,5,5,3,1,1,5,1,4,3,0,3,Security,Web Developer
S2772,19,9.18,5,4,4,1,5,1,1,3,2,3,4,4,1,5,1,1,3,3,4,Business,Data Scientist
S2773,26,8.6,1,5,4,3,4,4,4,1,4,5,1,3,4,4,3,4,1,0,0,Programming,Data Scientist
S2774,22,8.48,4,1,4,2,1,2,5,3,4,1,2,5,3,2,1,2,0,2,3,Web,Data Scientist
S2775,26,7.85,5,1,4,5,4,1,5,3,5,5,4,3,1,5,4,1,3,1,0,Programming,Data Scientist
S2776,22,8.15,5,3,4,5,2,4,5,5,3,4,4,4,2,4,2,1,0,4,2,Cloud,Data Scientist
S2777,23,8.92,3,2,2,2,3,5,1,1,3,2,4,5,2,1,2,2,3,1,1,Programming,Data Analyst
S2778,25,6.6,5,4,1,2,4,3,1,4,4,2,3,5,1,1,5,3,2,0,2,Database,Cybersecurity Analyst
S2779,25,7.49,2,2,3,1,3,1,3,4,3,4,2,1,5,2,3,3,2,1,2,Business,Data Analyst
S2780,25,7.1,1,5,1,5,3,5,3,3,3,1,3,1,4,1,2,2,2,1,2,Security,Database Administrator
S2781,21,8.14,2,4,3,5,4,4,2,2,5,2,4,2,5,4,2,2,1,3,3,Security,Cybersecurity Analyst
S2782,20,8.91,3,4,2,4,4,5,2,1,2,4,4,4,2,2,1,2,0,5,3,Cloud,Software Developer
S2783,21,7.26,3,1,2,1,5,2,3,2,2,2,2,5,2,4,4,1,2,3,1,Database,Cloud Engineer
S2784,24,5.65,1,5,5,2,1,3,1,1,3,5,1,4,4,2,4,1,1,2,0,Programming,Data Scientist
S2785,24,7.43,5,1,5,2,5,1,4,1,1,2,3,3,2,2,5,2,2,3,0,Business,Software Developer
S2786,26,8.62,4,1,2,3,1,4,3,5,5,5,1,3,3,4,4,1,3,3,0,Security,Software Developer
S2787,20,8.28,3,3,2,2,4,3,1,3,3,5,4,2,2,2,2,5,2,3,2,Security,Database Administrator
S2788,23,8.19,1,1,3,5,1,4,3,5,1,2,4,5,5,4,1,2,0,3,1,Security,Data Scientist
S2789,20,7.55,4,2,2,2,2,5,5,2,1,2,5,5,5,1,4,1,0,5,2,Security,Data Analyst
S2790,22,6.65,5,4,1,5,5,4,3,2,5,5,5,2,3,1,3,3,1,2,1,Data,Web Developer
S2791,24,8.26,3,1,3,5,5,4,5,4,2,2,1,3,5,5,3,2,0,3,4,Database,Software Developer
S2792,19,7.05,1,2,2,1,5,5,1,5,4,1,5,5,5,3,3,2,2,3,3,Web,Software Developer
S2793,19,9.77,1,5,3,2,3,5,5,5,1,3,2,4,5,3,4,2,3,0,2,Data,Data Analyst
S2794,23,8.31,1,4,3,1,3,3,3,5,4,3,1,5,1,1,1,4,3,3,4,Security,Business Analyst
S2795,22,7.28,3,5,4,5,4,1,5,4,4,4,5,3,3,5,4,2,1,2,0,Database,Data Scientist
S2796,26,7.25,4,2,5,2,4,5,4,5,5,3,5,5,3,3,2,3,3,5,4,Business,Web Developer
S2797,21,7.72,1,5,3,2,3,3,5,5,2,1,2,5,2,4,4,1,1,2,3,Programming,Data Analyst
S2798,22,7.58,5,5,3,1,5,4,5,5,5,3,2,1,3,4,3,2,1,1,3,Data,Data Scientist
S2799,19,8.81,1,5,4,1,3,4,2,5,1,3,1,5,4,2,3,5,1,3,3,Cloud,Data Scientist
S2800,19,7.97,4,1,2,5,1,2,4,2,2,1,3,2,3,3,1,1,0,4,4,Web,Data Scientist
S2801,26,7.14,3,1,3,5,5,5,1,3,3,5,2,2,4,4,5,3,2,1,0,Programming,Data Scientist
S2802,24,9.5,1,1,4,2,3,3,5,2,2,3,5,4,5,3,3,4,0,2,2,Data,Business Analyst
S2803,22,7.84,1,4,1,2,4,3,4,5,5,4,1,5,4,2,3,3,3,1,0,Web,Business Analyst
S2804,22,8.49,5,2,4,4,3,1,1,1,5,3,3,4,1,1,5,4,0,4,1,Database,Data Scientist
S2805,19,7.25,5,1,5,4,2,3,4,1,4,3,1,3,5,5,4,1,1,0,1,Business,Web Developer
S2806,21,8.13,1,5,5,3,3,5,2,4,3,1,5,3,4,2,3,4,0,4,2,Database,Database Administrator
S2807,23,8.08,1,5,2,5,5,3,1,2,2,1,3,1,5,2,1,1,0,5,3,Data,Data Analyst
S2808,25,6.1,5,5,2,3,3,2,1,4,3,4,3,1,1,2,4,3,3,5,2,Cloud,Database Administrator
S2809,23,9.61,4,5,5,3,4,4,5,4,4,2,2,5,5,5,4,3,2,1,4,Security,Cybersecurity Analyst
S2810,22,8.96,2,3,5,1,1,4,3,1,3,1,4,5,5,4,3,4,1,3,3,Cloud,Data Scientist
S2811,23,7.44,2,4,3,1,2,3,1,2,3,2,5,4,3,3,4,5,0,0,2,Security,Cybersecurity Analyst
S2812,19,6.81,1,2,5,4,5,3,1,3,2,4,4,4,2,1,4,3,3,5,2,Web,Data Analyst
S2813,19,8.11,5,2,2,3,4,3,2,2,3,3,5,5,4,1,1,4,3,4,4,Data,Data Analyst
S2814,26,7.88,3,1,5,4,2,3,2,4,4,3,1,5,2,5,4,2,1,3,4,Data,Data Scientist
S2815,22,8.12,3,3,2,5,3,2,2,5,1,2,4,1,1,1,3,1,3,4,0,Cloud,Software Developer
S2816,26,7.97,2,2,1,2,2,5,5,4,1,4,3,1,1,5,3,2,2,2,1,Programming,Software Developer
S2817,22,8.26,4,4,5,1,1,2,1,2,5,4,2,1,5,5,5,2,3,3,2,Web,Database Administrator
S2818,25,9.1,2,5,2,5,2,2,2,1,1,1,5,5,2,3,2,2,0,2,0,Business,Data Analyst
S2819,25,8.31,1,1,4,5,2,2,2,2,2,2,2,4,4,3,5,4,2,0,3,Security,Business Analyst
S2820,24,6.86,4,4,3,1,3,4,4,3,5,1,5,2,4,5,1,3,2,0,3,Database,Business Analyst
S2821,22,9.03,3,2,2,1,3,2,4,5,1,2,3,2,5,3,1,2,3,0,1,Web,Data Scientist
S2822,21,9.28,5,3,5,3,5,3,2,5,1,1,3,4,4,4,3,4,1,0,3,Database,Business Analyst
S2823,23,10.0,5,1,5,4,3,2,5,4,5,1,3,4,3,2,2,3,1,2,1,Business,Software Developer
S2824,22,6.79,1,2,1,5,2,3,3,2,2,4,3,4,2,1,5,1,1,2,3,Cloud,Cloud Engineer
S2825,20,8.02,2,1,4,3,1,5,4,1,5,4,3,1,1,1,2,3,0,5,3,Business,Database Administrator
S2826,24,5.93,1,2,2,3,3,4,4,3,2,3,2,3,4,1,3,3,3,1,2,Data,Data Scientist
S2827,20,8.3,5,5,4,5,5,5,1,4,2,3,1,5,4,1,4,2,1,1,4,Security,Data Scientist
S2828,19,7.31,3,3,1,5,5,5,1,2,4,4,4,1,4,4,3,4,0,2,2,Security,Data Analyst
S2829,25,9.53,5,5,3,2,2,4,2,1,1,4,2,2,5,4,3,5,2,0,0,Business,Database Administrator
S2830,23,7.1,4,2,4,4,3,3,1,2,1,1,4,5,1,2,2,1,1,1,4,Security,Business Analyst
S2831,22,6.28,5,4,1,5,3,3,1,1,3,3,1,4,2,5,1,4,2,3,2,Security,Web Developer
S2832,20,7.38,5,5,2,1,5,3,3,2,5,4,5,2,4,3,4,2,1,2,4,Web,Data Scientist
S2833,23,6.02,4,4,3,2,3,4,5,2,4,2,1,4,3,2,4,4,3,3,4,Web,Data Scientist
S2834,19,8.48,2,2,5,4,2,2,2,4,1,2,1,4,5,1,1,5,2,0,4,Business,Data Scientist
S2835,25,5.94,5,3,1,1,1,1,3,2,3,3,5,4,2,3,2,1,3,5,3,Database,Web Developer
S2836,21,7.83,1,4,5,1,2,2,2,2,4,2,4,5,4,2,2,3,0,2,4,Database,Data Analyst
S2837,24,5.93,5,2,3,4,3,2,5,4,2,1,3,2,2,1,1,1,2,1,3,Cloud,Software Developer
S2838,23,7.51,1,4,1,2,2,5,2,4,1,3,5,2,5,2,5,5,0,5,4,Business,Business Analyst
S2839,23,9.28,4,5,1,1,4,1,1,5,5,4,5,4,3,1,2,1,1,1,3,Business,Data Scientist
S2840,21,8.12,5,2,3,3,4,3,5,5,4,2,1,1,4,1,1,1,1,3,4,Database,Data Scientist
S2841,23,7.02,4,5,2,4,3,2,3,4,3,1,5,3,3,4,5,2,1,2,0,Data,Data Analyst
S2842,19,7.77,4,1,1,4,3,4,3,3,5,4,2,1,5,1,3,3,0,5,2,Business,Data Scientist
S2843,19,7.82,2,2,3,5,1,2,4,1,2,5,3,5,3,2,4,5,1,0,4,Business,Software Developer
S2844,21,8.23,5,4,4,2,2,3,3,4,5,1,1,3,5,3,1,2,3,4,0,Data,Data Analyst
S2845,24,6.57,1,1,5,3,1,2,4,5,3,2,4,1,3,4,2,1,0,4,2,Web,Web Developer
S2846,22,8.33,1,5,1,3,3,5,1,2,2,1,4,2,2,3,4,1,0,5,1,Cloud,Business Analyst
S2847,20,5.37,5,5,4,5,3,5,3,4,3,5,4,1,2,5,5,4,2,0,4,Database,Data Scientist
S2848,22,7.23,2,4,1,1,5,2,5,4,1,5,4,4,5,3,4,2,1,1,1,Programming,Data Analyst
S2849,23,7.36,2,1,2,1,1,5,4,5,3,1,4,5,2,5,1,5,2,4,2,Business,Business Analyst
S2850,20,8.37,2,3,3,3,3,4,3,5,5,4,1,1,3,5,3,5,0,0,2,Business,Data Analyst
S2851,26,7.82,1,4,1,2,4,1,1,3,1,4,2,1,3,4,5,5,2,5,4,Business,Database Administrator
S2852,21,6.53,4,5,3,1,5,2,5,5,1,5,2,3,4,3,5,5,3,5,0,Security,Database Administrator
S2853,21,6.91,2,2,1,4,2,4,5,5,4,3,4,4,5,1,5,1,1,5,4,Business,Business Analyst
S2854,24,7.98,1,1,2,5,5,4,1,5,5,3,2,3,2,4,4,1,0,3,0,Data,Data Analyst
S2855,20,7.73,1,3,2,2,2,4,3,2,5,4,3,5,5,4,3,2,2,1,4,Security,Data Scientist
S2856,19,7.28,4,2,4,1,4,3,2,4,2,3,2,5,2,1,1,3,1,0,0,Data,Cybersecurity Analyst
S2857,20,7.37,5,1,2,3,2,2,3,4,3,4,5,4,4,3,1,5,3,5,3,Business,Cybersecurity Analyst
S2858,23,8.43,5,4,3,5,1,2,4,5,3,2,4,3,3,4,4,1,1,3,0,Programming,Data Scientist
S2859,19,7.33,2,4,2,1,2,2,4,3,5,4,5,4,3,5,1,2,2,2,0,Database,Data Scientist
S2860,25,7.72,2,1,1,3,2,1,3,5,3,2,5,3,1,1,1,5,3,4,2,Business,Business Analyst
S2861,25,9.75,4,3,2,1,5,4,4,3,5,5,4,2,5,2,3,3,0,4,1,Data,Business Analyst
S2862,26,6.52,2,1,3,5,4,2,2,4,1,3,1,4,2,4,4,5,3,4,4,Business,Cybersecurity Analyst
S2863,25,6.13,4,2,1,4,2,5,2,3,3,5,2,5,1,5,4,4,1,0,2,Programming,Web Developer
S2864,21,8.51,1,2,4,4,1,3,5,3,3,1,3,3,5,3,5,5,0,2,1,Data,Business Analyst
S2865,20,7.19,2,4,4,3,5,1,4,1,5,1,1,2,2,3,1,4,1,0,2,Web,Cybersecurity Analyst
S2866,25,7.51,1,1,4,4,4,3,3,3,5,5,3,5,4,1,2,3,0,5,2,Security,Business Analyst
S2867,22,7.1,3,4,1,5,4,4,5,3,2,4,4,3,5,5,3,4,3,0,4,Cloud,Data Scientist
S2868,24,7.57,4,3,4,3,3,5,2,2,3,4,2,2,2,1,3,3,0,2,3,Cloud,Database Administrator
S2869,22,9.24,3,2,2,1,1,4,5,4,4,3,1,5,3,4,2,2,1,5,2,Data,Data Scientist
S2870,25,8.52,2,5,1,2,5,2,1,5,5,5,4,5,5,1,5,4,2,5,4,Cloud,Data Scientist
S2871,26,8.58,1,5,1,1,5,3,4,1,4,1,1,2,2,2,2,5,2,3,0,Business,Cybersecurity Analyst
S2872,24,6.53,2,1,1,5,1,5,3,3,1,5,5,5,3,1,2,5,2,5,1,Security,Data Scientist
S2873,23,6.76,3,1,5,3,4,3,2,2,1,5,2,3,3,1,5,2,0,1,4,Web,Data Analyst
S2874,22,5.24,2,5,3,1,2,1,5,2,4,3,2,3,1,4,2,1,2,4,3,Web,Database Administrator
S2875,26,7.07,5,1,5,3,1,5,3,5,1,4,4,5,2,5,5,3,2,2,4,Programming,Software Developer
S2876,20,8.66,3,2,5,4,5,1,4,5,4,1,4,1,1,2,1,1,1,3,4,Cloud,Database Administrator
S2877,20,8.27,2,3,5,2,1,5,3,4,2,3,4,2,1,1,5,1,3,5,0,Business,Business Analyst
S2878,22,7.6,1,3,3,5,4,2,4,3,2,1,2,1,4,4,4,2,0,2,1,Security,Database Administrator
S2879,25,7.78,2,4,5,1,3,3,4,2,1,1,5,3,1,4,4,2,2,1,1,Cloud,Database Administrator
S2880,26,7.18,1,2,4,2,3,3,4,1,4,4,2,5,1,4,2,4,1,2,3,Security,Cloud Engineer
S2881,20,7.98,5,1,1,5,2,4,5,4,4,4,4,4,4,5,4,4,0,2,1,Database,Cybersecurity Analyst
S2882,23,8.49,2,1,1,5,2,5,4,3,4,3,3,4,4,1,5,4,1,3,0,Programming,Database Administrator
S2883,19,6.35,5,4,2,4,4,5,3,5,1,2,5,1,5,3,1,4,3,4,3,Database,Web Developer
S2884,25,8.07,3,4,4,3,2,1,1,3,4,3,2,1,1,2,5,4,2,4,0,Business,Data Analyst
S2885,26,8.64,1,1,3,3,3,5,3,5,5,3,3,1,3,3,3,5,0,3,0,Database,Database Administrator
S2886,23,7.43,3,1,1,2,4,3,5,3,4,2,5,3,4,5,2,2,0,3,4,Cloud,Data Scientist
S2887,26,8.43,1,2,5,4,4,5,4,1,5,1,2,3,2,1,1,3,2,0,4,Database,Data Analyst
S2888,24,10.0,5,4,2,5,4,4,1,4,2,5,4,5,5,3,2,3,1,0,4,Web,Cloud Engineer
S2889,23,7.71,4,2,2,4,1,4,5,5,5,2,2,3,5,3,3,3,3,1,2,Programming,Data Scientist
S2890,25,8.15,2,1,1,4,2,3,2,1,2,5,5,5,1,3,4,3,0,0,0,Business,Data Scientist
S2891,24,7.14,5,5,4,2,5,3,2,2,1,1,4,5,3,2,3,3,0,0,1,Database,Cloud Engineer
S2892,25,7.96,1,5,2,3,3,3,2,1,2,2,1,1,4,1,4,5,3,2,3,Cloud,Software Developer
S2893,20,8.21,1,1,1,4,2,5,1,1,2,4,3,4,2,4,2,2,0,2,2,Web,Cloud Engineer
S2894,19,7.98,1,4,4,4,3,5,3,1,4,3,4,1,1,1,2,4,3,3,4,Web,Web Developer
S2895,25,6.88,1,5,1,4,2,2,1,5,3,2,4,3,3,3,2,4,2,5,2,Security,Cybersecurity Analyst
S2896,25,7.99,2,4,1,1,5,1,1,2,2,2,5,2,1,1,5,4,3,4,2,Web,Database Administrator
S2897,20,9.12,3,5,4,4,3,5,1,4,5,1,5,3,1,4,1,2,3,1,0,Data,Business Analyst
S2898,21,8.2,4,4,4,4,5,2,2,1,1,4,3,4,5,2,5,2,1,0,0,Database,Web Developer
S2899,20,8.67,2,5,4,5,3,2,3,5,5,2,5,3,2,1,3,5,3,2,1,Cloud,Web Developer
S2900,24,7.59,1,4,1,1,1,4,1,5,1,4,4,4,2,1,1,5,2,4,3,Cloud,Business Analyst
S2901,20,8.47,2,2,2,4,1,5,3,4,5,5,3,2,2,2,2,4,0,0,3,Security,Data Scientist
S2902,20,8.05,5,4,3,4,3,2,4,3,2,2,3,2,2,2,2,2,1,5,4,Web,Cybersecurity Analyst
S2903,19,6.94,1,2,3,2,3,4,1,2,3,4,2,5,4,3,2,4,3,4,1,Security,Cloud Engineer
S2904,20,8.09,4,2,1,2,5,1,1,2,2,3,4,3,4,3,4,5,1,2,3,Data,Cybersecurity Analyst
S2905,26,6.91,1,1,1,1,4,4,1,1,4,1,4,5,2,2,3,4,2,3,2,Security,Database Administrator
S2906,25,7.23,4,2,2,5,3,1,4,3,5,4,5,1,3,4,5,5,2,5,2,Cloud,Software Developer
S2907,26,7.97,4,3,4,1,2,3,4,2,3,1,4,1,4,3,3,1,0,5,3,Business,Data Scientist
S2908,19,8.07,3,2,1,1,2,3,2,1,5,2,5,1,4,4,4,3,2,0,2,Business,Business Analyst
S2909,22,6.73,3,4,5,2,2,4,5,3,4,2,4,1,3,2,4,1,2,0,2,Security,Database Administrator
S2910,21,8.75,2,2,4,2,1,3,3,5,4,5,2,1,2,1,3,4,3,1,4,Cloud,Cybersecurity Analyst
S2911,26,8.31,2,4,1,5,5,5,5,1,4,1,4,3,1,2,4,4,2,0,2,Programming,Cybersecurity Analyst
S2912,19,7.17,4,4,5,4,1,4,1,3,2,3,2,5,4,2,1,2,2,2,3,Data,Web Developer
S2913,24,6.42,1,3,2,5,2,2,1,4,2,3,4,5,1,5,2,3,2,4,0,Database,Data Analyst
S2914,22,7.67,5,2,5,4,3,5,2,2,3,4,4,4,1,2,5,5,0,5,2,Data,Data Scientist
S2915,19,7.4,5,2,1,3,2,4,5,1,4,3,1,1,3,3,4,4,3,4,3,Cloud,Web Developer
S2916,19,7.9,1,5,3,2,3,1,1,5,2,1,4,2,2,1,5,5,3,3,2,Business,Data Analyst
S2917,21,7.47,1,5,1,3,5,3,5,1,1,2,2,4,1,4,2,5,1,5,1,Programming,Business Analyst
S2918,25,5.99,3,1,3,3,4,3,2,2,1,1,3,4,2,5,3,5,2,5,4,Web,Cybersecurity Analyst
S2919,26,7.45,5,4,2,2,3,3,5,2,2,1,2,3,5,3,2,1,1,3,0,Security,Business Analyst
S2920,24,7.52,4,3,2,3,1,4,3,3,3,2,4,4,2,1,5,5,1,2,2,Database,Data Scientist
S2921,23,8.37,2,5,4,1,2,5,2,5,5,1,5,2,3,4,1,2,2,4,3,Database,Data Scientist
S2922,26,7.17,3,2,4,4,2,1,5,3,4,3,1,5,3,1,3,1,3,5,0,Web,Data Scientist
S2923,23,9.31,5,1,3,5,2,3,1,5,2,4,5,4,5,3,4,1,2,3,2,Database,Cybersecurity Analyst
S2924,19,6.08,1,3,3,2,3,5,4,1,3,4,1,3,3,1,1,4,1,5,1,Programming,Web Developer
S2925,20,8.98,5,2,2,1,5,2,4,1,5,1,1,1,2,2,2,3,0,3,3,Data,Business Analyst
S2926,24,7.6,4,2,5,5,3,2,2,3,3,2,5,2,2,1,5,3,1,1,4,Web,Data Scientist
S2927,22,8.57,3,4,3,5,1,1,4,4,5,5,4,1,2,2,5,4,3,1,2,Programming,Data Scientist
S2928,20,7.87,1,4,3,5,2,3,3,2,1,1,2,4,3,3,5,3,0,2,3,Data,Cloud Engineer
S2929,20,8.83,4,5,5,3,3,2,2,3,5,1,5,5,2,5,2,5,1,2,2,Business,Data Analyst
S2930,26,7.45,2,5,4,3,2,5,1,3,1,5,3,3,4,2,3,2,2,2,4,Web,Database Administrator
S2931,24,6.81,3,2,4,3,1,5,1,1,4,4,1,2,5,1,4,5,3,2,1,Database,Web Developer
S2932,25,9.08,4,2,3,3,4,2,2,2,2,4,2,5,4,1,1,3,0,4,4,Business,Cloud Engineer
S2933,19,7.7,4,5,4,1,4,3,4,3,1,5,3,2,2,1,2,3,3,0,4,Data,Web Developer
S2934,19,8.0,1,5,4,3,4,1,4,1,3,2,2,3,3,3,5,2,1,2,4,Cloud,Data Scientist
S2935,19,8.91,2,2,4,2,2,3,1,1,5,1,4,3,5,4,4,1,3,1,0,Database,Data Scientist
S2936,19,6.87,4,3,2,5,3,4,3,3,3,3,3,4,4,1,5,1,0,5,3,Data,Web Developer
S2937,26,8.34,3,2,1,1,2,2,4,3,1,4,5,2,2,1,2,2,2,0,2,Data,Data Scientist
S2938,23,7.27,4,3,3,3,5,4,3,1,3,4,2,4,3,2,5,1,0,0,1,Database,Web Developer
S2939,19,7.68,5,3,3,5,3,2,4,3,5,4,5,2,2,5,2,3,3,4,2,Programming,Data Scientist
S2940,23,7.87,3,2,2,1,1,1,2,2,2,2,5,2,4,1,5,1,2,3,0,Programming,Business Analyst
S2941,23,6.45,3,1,1,5,4,3,5,1,3,5,2,1,4,3,2,3,2,5,1,Security,Cloud Engineer
S2942,25,7.1,4,5,1,1,3,3,1,1,4,2,2,4,5,4,5,4,3,5,0,Database,Web Developer
S2943,19,9.02,1,4,2,4,3,2,2,3,5,4,1,2,3,4,4,5,0,0,2,Programming,Data Analyst
S2944,21,8.6,3,2,5,1,4,5,4,3,5,1,1,2,1,4,4,1,2,4,1,Cloud,Database Administrator
S2945,22,7.74,5,3,5,3,1,4,1,3,4,4,3,3,2,3,5,4,2,4,2,Cloud,Cloud Engineer
S2946,20,8.02,1,2,1,5,2,3,5,2,1,1,3,1,3,4,5,1,3,4,3,Business,Business Analyst
S2947,23,7.54,1,5,5,5,2,3,5,1,4,1,3,3,1,4,2,4,2,2,0,Data,Data Analyst
S2948,24,9.02,1,3,5,5,3,2,4,4,1,4,1,4,3,2,2,2,0,5,3,Programming,Database Administrator
S2949,24,7.62,3,4,5,2,4,5,1,2,2,4,5,4,2,4,2,4,2,3,3,Database,Data Analyst
S2950,22,8.01,1,4,1,2,5,4,4,2,1,1,4,2,2,2,3,3,1,2,2,Database,Data Scientist
S2951,24,8.83,4,4,5,3,1,5,5,1,2,2,4,5,5,2,5,2,2,1,2,Database,Cybersecurity Analyst
S2952,21,7.1,1,1,3,4,2,5,2,4,2,2,2,3,4,2,5,2,1,3,4,Security,Database Administrator
S2953,24,9.2,5,3,1,2,1,2,2,1,4,2,1,4,4,3,5,3,0,2,4,Programming,Software Developer
S2954,20,6.42,2,3,2,1,1,5,3,2,2,3,2,2,4,1,5,1,1,3,1,Database,Database Administrator
S2955,20,9.27,5,1,5,3,1,4,5,3,1,1,4,2,5,5,2,2,2,1,2,Security,Software Developer
S2956,23,7.46,3,3,4,4,4,1,5,1,3,3,2,3,4,4,2,1,2,2,0,Data,Data Analyst
S2957,19,7.58,1,1,1,1,4,1,4,1,5,3,1,2,3,5,3,5,3,3,2,Database,Data Scientist
S2958,25,6.1,1,2,2,5,4,4,3,3,5,1,1,1,4,1,2,4,3,1,2,Database,Cybersecurity Analyst
S2959,21,7.39,4,5,3,2,3,2,3,4,1,3,1,5,4,2,5,4,2,5,3,Business,Software Developer
S2960,23,6.86,1,4,2,1,4,3,1,4,3,1,4,3,2,2,5,3,2,4,3,Business,Data Analyst
S2961,21,7.25,5,1,5,4,3,2,4,1,2,5,1,3,5,2,1,3,2,3,4,Cloud,Data Analyst
S2962,19,7.68,3,1,4,3,2,4,2,3,1,5,3,3,5,2,2,4,2,1,1,Programming,Cloud Engineer
S2963,26,8.66,2,1,5,1,2,5,1,1,2,1,3,2,4,4,1,5,0,5,1,Programming,Software Developer
S2964,24,7.99,1,2,2,3,2,1,3,3,4,1,1,2,1,1,5,3,2,4,2,Cloud,Data Scientist
S2965,24,8.08,2,1,1,5,2,5,2,2,3,1,3,3,2,1,2,5,1,1,0,Cloud,Data Analyst
S2966,25,6.81,1,5,4,4,2,2,5,3,5,2,1,3,4,1,5,3,3,5,3,Business,Data Scientist
S2967,19,7.01,3,5,4,4,4,4,4,1,1,1,4,1,1,5,1,2,1,5,0,Business,Business Analyst
S2968,23,9.42,5,4,2,2,5,1,3,5,5,4,3,4,3,2,1,1,1,5,3,Business,Data Analyst
S2969,25,7.14,3,2,5,4,4,4,5,4,2,5,4,1,2,3,4,4,0,0,2,Web,Web Developer
S2970,19,9.29,2,5,2,1,5,1,3,1,2,5,3,3,5,1,4,1,1,1,1,Web,Software Developer
S2971,22,7.58,1,3,4,1,4,1,2,3,4,1,5,2,1,5,2,4,1,2,2,Web,Business Analyst
S2972,20,7.8,2,3,2,1,2,1,1,3,2,5,5,2,4,4,2,3,1,2,3,Cloud,Business Analyst
S2973,25,8.76,5,3,4,5,1,2,2,4,2,1,4,3,1,2,2,1,3,2,1,Web,Data Analyst
S2974,25,8.94,3,1,5,4,5,4,4,1,5,1,3,4,5,5,2,5,0,2,0,Programming,Software Developer
S2975,23,7.7,2,1,1,4,1,3,4,5,5,5,5,5,3,3,2,3,1,5,0,Cloud,Data Analyst
S2976,21,7.45,2,3,1,1,2,3,3,2,1,5,1,5,1,3,2,2,1,5,4,Programming,Data Scientist
S2977,22,7.75,5,4,2,2,5,3,2,5,1,4,2,1,4,4,2,1,0,0,0,Cloud,Data Scientist
S2978,23,8.1,1,4,4,2,1,4,1,2,2,3,5,4,1,1,1,1,2,0,4,Database,Web Developer
S2979,19,8.6,2,1,1,4,4,5,4,2,3,4,5,5,3,1,1,2,1,0,1,Data,Data Scientist
S2980,19,7.8,5,3,4,4,2,4,1,1,1,4,1,4,1,5,1,4,3,4,2,Programming,Software Developer
S2981,19,8.36,1,4,5,3,4,1,5,2,2,5,5,2,3,5,5,3,3,3,2,Database,Cybersecurity Analyst
S2982,26,9.27,1,1,2,4,4,5,3,3,5,4,5,2,3,1,3,2,2,2,1,Cloud,Data Scientist
S2983,19,8.14,3,3,4,1,2,1,1,2,4,5,5,4,2,1,5,5,1,3,1,Security,Database Administrator
S2984,21,8.08,5,2,2,5,5,1,3,2,5,2,3,3,2,5,2,3,0,2,3,Cloud,Software Developer
S2985,22,6.43,1,3,4,4,3,4,5,4,5,1,5,5,4,2,3,2,2,2,0,Data,Software Developer
S2986,24,5.43,3,3,4,4,3,3,1,4,4,3,2,5,4,3,1,2,3,2,0,Cloud,Web Developer
S2987,20,8.15,4,5,5,1,2,5,1,1,5,2,3,2,4,3,1,1,3,0,0,Data,Software Developer
S2988,21,7.71,5,5,2,3,3,2,5,1,1,1,3,1,3,4,4,1,0,5,4,Web,Cloud Engineer
S2989,21,7.34,4,2,3,4,1,3,2,3,5,1,4,5,3,3,2,1,2,4,0,Programming,Business Analyst
S2990,26,8.02,1,2,4,2,5,2,1,4,4,3,5,2,2,5,2,3,0,2,3,Data,Data Scientist
S2991,24,7.75,5,3,4,2,4,4,1,5,2,4,2,2,3,2,4,4,2,2,2,Security,Business Analyst
S2992,24,8.82,3,4,1,2,4,5,4,1,2,1,2,4,2,5,5,3,2,2,2,Programming,Cloud Engineer
S2993,20,7.88,1,2,2,5,2,4,2,1,2,3,4,4,1,1,4,1,2,1,4,Cloud,Software Developer
S2994,20,7.13,5,3,3,5,4,2,1,4,4,5,2,4,4,1,2,1,1,2,3,Cloud,Cloud Engineer
S2995,24,8.69,5,1,5,4,1,1,5,4,4,1,3,1,4,3,1,3,3,0,1,Data,Business Analyst
S2996,19,7.6,4,5,3,4,1,4,3,3,1,1,1,5,5,2,4,2,3,0,2,Database,Data Analyst
S2997,21,8.27,1,4,5,4,2,5,5,4,4,4,3,1,2,4,3,2,3,3,3,Security,Cloud Engineer
S2998,23,7.37,3,3,3,5,4,4,2,2,2,4,1,1,5,5,1,1,2,5,1,Data,Business Analyst
S2999,20,7.22,3,1,3,4,3,3,4,5,4,5,2,4,4,4,5,1,2,5,4,Database,Cloud Engineer
S3000,26,7.88,1,5,2,1,3,4,4,2,3,1,5,2,5,4,1,4,1,0,0,Security,Software Developer
